2025-11-23 16:56:41,510 | █                                                          █
2025-11-23 16:56:41,511 | █                    برنامه با موفقیت پایان یافت                     █
2025-11-23 16:56:41,511 | █                                                          █
2025-11-23 16:56:41,511 | ████████████████████████████████████████████████████████████

2025-11-23 16:56:41,512 | █                                                          █
2025-11-23 16:56:41,512 | █                 برنامه دریافت خودکار داده‌های بورس                 █
2025-11-23 16:56:41,512 | █   نسخه Playwright: 40% سبک‌تر + AsyncIO + ذخیره توکن + لاگ‌گیری    █
2025-11-23 16:56:41,512 | █                                                          █
2025-11-23 16:56:41,512 | ████████████████████████████████████████████████████████████
2025-11-23 16:56:41,513 | 
بهینه‌سازی‌های فعال:
2025-11-23 16:56:41,513 |    Playwright (بجای Selenium - 200MB کمتر)
2025-11-23 16:56:41,513 |    AsyncIO (دریافت همزمان)
2025-11-23 16:56:41,513 |    مسدود کردن تصاویر و فونت‌ها
2025-11-23 16:56:41,514 |    بستن خودکار مرورگر
2025-11-23 16:56:41,514 |    ذخیره توکن در فایل → فقط یک لاگین در روز!
2025-11-23 16:56:41,514 |    لاگ‌گیری حرفه‌ای در market_scraper.log
2025-11-23 16:56:41,515 |    مصرف منابع: ~85% کمتر از نسخه اولیه

2025-11-23 16:56:41,737 | جدول market_data_combined ایجاد/به‌روزرسانی شد.
2025-11-23 16:56:41,757 | 
شروعشروعشروعشروعشروعشروعشروعشروعشروعشروعشروعشروعشروعشروعشروعشروعشروعشروعشروعشروعشروعشروعشروعشروعشروعشروعشروعشروعشروعشروع
2025-11-23 16:56:41,757 | شروع برنامه با Playwright (سبک‌تر و سریع‌تر)
2025-11-23 16:56:41,758 | شروعشروعشروعشروعشروعشروعشروعشروعشروعشروعشروعشروعشروعشروعشروعشروعشروعشروعشروعشروعشروعشروعشروعشروعشروعشروعشروعشروعشروعشروع

2025-11-23 16:56:41,758 | توکن معتبر از فایل بارگذاری شد (ذخیره‌شده در 2025-11-23 16:44)
2025-11-23 16:56:41,758 | 
توکن آماده است (طول: 1919 کاراکتر)
2025-11-23 16:56:41,759 |   اولین 30 کاراکتر: eyJhbGciOiJSUzI1NiIsImtpZCI6Im...
2025-11-23 16:56:41,759 |   آخرین 30 کاراکتر: ...JUi7VnB4y2NVX0OcuGkKBQkEb2fthw
2025-11-23 16:56:41,759 | 
════════════════════════════════════════════════════════════
2025-11-23 16:56:41,759 | آماده دریافت داده‌ها با Playwright + AsyncIO...
2025-11-23 16:56:41,759 |   تعداد نمادها: 2
2025-11-23 16:56:41,760 |   • IRTKGANJ0001: 11:45 - 18:00
2025-11-23 16:56:41,760 |   • IRT3MOJF0001: 08:45 - 12:30
2025-11-23 16:56:41,760 |   فاصله زمانی: هر 5 ثانیه
2025-11-23 16:56:41,760 |   ذخیره در: دیتابیس test (schema: tsetmc_api)
2025-11-23 16:56:41,760 |   برای توقف: Ctrl+C
2025-11-23 16:56:41,760 | تمدید خودکار توکن: فعال
2025-11-23 16:56:41,760 | روزهای تعطیل: پنجشنبه و جمعه
2025-11-23 16:56:41,761 | Engine: Playwright (40% سبک‌تر از Selenium)
2025-11-23 16:56:41,761 | AsyncIO: فعال (دریافت همزمان)
2025-11-23 16:56:41,761 | بهینه‌سازی‌ها:
2025-11-23 16:56:41,761 |    - مسدود کردن تصاویر و فونت‌ها
2025-11-23 16:56:41,761 |    - کاهش زمان انتظار
2025-11-23 16:56:41,761 |    - بستن خودکار مرورگر
2025-11-23 16:56:41,762 |    - ذخیره توکن در فایل (فقط یک لاگین در روز!)
2025-11-23 16:56:41,762 |    - لاگ‌گیری حرفه‌ای در market_scraper.log
2025-11-23 16:56:41,762 | ════════════════════════════════════════════════════════════

2025-11-23 16:56:41,762 | 
[2025-11-23 16:56:41] شروع دریافت همزمان داده‌ها...
2025-11-23 16:56:42,431 | داده‌ها با موفقیت در دیتابیس ذخیره شدند
2025-11-23 16:56:42,432 | [IRTKGANJ] MS(خرید:660, فروش:190) + TSE(قیمت:97852.0)
2025-11-23 16:56:42,432 | انتظار 5 ثانیه...
2025-11-23 16:56:47,447 | 
[2025-11-23 16:56:47] شروع دریافت همزمان داده‌ها...
2025-11-23 16:56:47,637 | داده‌ها با موفقیت در دیتابیس ذخیره شدند
2025-11-23 16:56:47,638 | [IRTKGANJ] MS(خرید:660, فروش:190) + TSE(قیمت:97852.0)
2025-11-23 16:56:47,638 | انتظار 5 ثانیه...
2025-11-23 16:56:52,648 | 
[2025-11-23 16:56:52] شروع دریافت همزمان داده‌ها...
2025-11-23 16:56:52,881 | داده‌ها با موفقیت در دیتابیس ذخیره شدند
2025-11-23 16:56:52,881 | [IRTKGANJ] MS(خرید:661, فروش:189) + TSE(قیمت:97852.0)
2025-11-23 16:56:52,882 | انتظار 5 ثانیه...
2025-11-23 16:56:57,893 | 
[2025-11-23 16:56:57] شروع دریافت همزمان داده‌ها...
2025-11-23 16:56:58,053 | داده‌ها با موفقیت در دیتابیس ذخیره شدند
2025-11-23 16:56:58,053 | [IRTKGANJ] MS(خرید:661, فروش:189) + TSE(قیمت:97852.0)
2025-11-23 16:56:58,053 | انتظار 5 ثانیه...
2025-11-23 16:57:03,060 | 
[2025-11-23 16:57:03] شروع دریافت همزمان داده‌ها...
2025-11-23 16:57:03,209 | داده‌ها با موفقیت در دیتابیس ذخیره شدند
2025-11-23 16:57:03,209 | [IRTKGANJ] MS(خرید:662, فروش:189) + TSE(قیمت:97852.0)
2025-11-23 16:57:03,209 | انتظار 5 ثانیه...
2025-11-23 16:57:08,211 | 
[2025-11-23 16:57:08] شروع دریافت همزمان داده‌ها...
2025-11-23 16:57:08,359 | داده‌ها با موفقیت در دیتابیس ذخیره شدند
2025-11-23 16:57:08,359 | [IRTKGANJ] MS(خرید:662, فروش:189) + TSE(قیمت:97852.0)
2025-11-23 16:57:08,360 | انتظار 5 ثانیه...
2025-11-23 16:57:13,363 | 
[2025-11-23 16:57:13] شروع دریافت همزمان داده‌ها...
2025-11-23 16:57:13,533 | داده‌ها با موفقیت در دیتابیس ذخیره شدند
2025-11-23 16:57:13,534 | [IRTKGANJ] MS(خرید:662, فروش:189) + TSE(قیمت:97852.0)
2025-11-23 16:57:13,534 | انتظار 5 ثانیه...
2025-11-23 16:57:18,543 | 
[2025-11-23 16:57:18] شروع دریافت همزمان داده‌ها...
2025-11-23 16:57:18,634 | داده‌ها با موفقیت در دیتابیس ذخیره شدند
2025-11-23 16:57:18,634 | [IRTKGANJ] MS(خرید:663, فروش:189) + TSE(قیمت:97852.0)
2025-11-23 16:57:18,634 | انتظار 5 ثانیه...
2025-11-23 16:57:23,647 | 
[2025-11-23 16:57:23] شروع دریافت همزمان داده‌ها...
2025-11-23 16:57:23,756 | داده‌ها با موفقیت در دیتابیس ذخیره شدند
2025-11-23 16:57:23,757 | [IRTKGANJ] MS(خرید:662, فروش:189) + TSE(قیمت:97852.0)
2025-11-23 16:57:23,757 | انتظار 5 ثانیه...
2025-11-23 16:57:28,768 | 
[2025-11-23 16:57:28] شروع دریافت همزمان داده‌ها...
2025-11-23 16:57:28,913 | داده‌ها با موفقیت در دیتابیس ذخیره شدند
2025-11-23 16:57:28,913 | [IRTKGANJ] MS(خرید:663, فروش:189) + TSE(قیمت:97852.0)
2025-11-23 16:57:28,913 | انتظار 5 ثانیه...
2025-11-23 16:57:33,927 | 
[2025-11-23 16:57:33] شروع دریافت همزمان داده‌ها...
2025-11-23 16:57:34,078 | داده‌ها با موفقیت در دیتابیس ذخیره شدند
2025-11-23 16:57:34,078 | [IRTKGANJ] MS(خرید:663, فروش:189) + TSE(قیمت:97852.0)
2025-11-23 16:57:34,079 | انتظار 5 ثانیه...
2025-11-23 16:57:39,087 | 
[2025-11-23 16:57:39] شروع دریافت همزمان داده‌ها...
2025-11-23 16:57:39,245 | داده‌ها با موفقیت در دیتابیس ذخیره شدند
2025-11-23 16:57:39,245 | [IRTKGANJ] MS(خرید:664, فروش:188) + TSE(قیمت:97852.0)
2025-11-23 16:57:39,245 | انتظار 5 ثانیه...
2025-11-23 16:57:44,249 | 
[2025-11-23 16:57:44] شروع دریافت همزمان داده‌ها...
2025-11-23 16:57:44,372 | داده‌ها با موفقیت در دیتابیس ذخیره شدند
2025-11-23 16:57:44,372 | [IRTKGANJ] MS(خرید:664, فروش:188) + TSE(قیمت:97852.0)
2025-11-23 16:57:44,372 | انتظار 5 ثانیه...
2025-11-23 16:57:49,384 | 
[2025-11-23 16:57:49] شروع دریافت همزمان داده‌ها...
2025-11-23 16:57:49,689 | داده‌ها با موفقیت در دیتابیس ذخیره شدند
2025-11-23 16:57:49,689 | [IRTKGANJ] MS(خرید:663, فروش:188) + TSE(قیمت:97852.0)
2025-11-23 16:57:49,690 | انتظار 5 ثانیه...
2025-11-23 16:57:54,694 | 
[2025-11-23 16:57:54] شروع دریافت همزمان داده‌ها...
2025-11-23 16:57:54,843 | داده‌ها با موفقیت در دیتابیس ذخیره شدند
2025-11-23 16:57:54,843 | [IRTKGANJ] MS(خرید:663, فروش:188) + TSE(قیمت:97852.0)
2025-11-23 16:57:54,844 | انتظار 5 ثانیه...
2025-11-23 16:57:59,859 | 
[2025-11-23 16:57:59] شروع دریافت همزمان داده‌ها...
2025-11-23 16:58:00,039 | داده‌ها با موفقیت در دیتابیس ذخیره شدند
2025-11-23 16:58:00,039 | [IRTKGANJ] MS(خرید:663, فروش:188) + TSE(قیمت:97852.0)
2025-11-23 16:58:00,039 | انتظار 5 ثانیه...
2025-11-23 16:58:05,045 | 
[2025-11-23 16:58:05] شروع دریافت همزمان داده‌ها...
2025-11-23 16:58:05,183 | داده‌ها با موفقیت در دیتابیس ذخیره شدند
2025-11-23 16:58:05,183 | [IRTKGANJ] MS(خرید:663, فروش:188) + TSE(قیمت:97852.0)
2025-11-23 16:58:05,184 | انتظار 5 ثانیه...
2025-11-23 16:58:10,199 | 
[2025-11-23 16:58:10] شروع دریافت همزمان داده‌ها...
2025-11-23 16:58:10,326 | داده‌ها با موفقیت در دیتابیس ذخیره شدند
2025-11-23 16:58:10,326 | [IRTKGANJ] MS(خرید:663, فروش:188) + TSE(قیمت:97852.0)
2025-11-23 16:58:10,326 | انتظار 5 ثانیه...
2025-11-23 16:58:15,335 | 
[2025-11-23 16:58:15] شروع دریافت همزمان داده‌ها...
2025-11-23 16:58:15,459 | داده‌ها با موفقیت در دیتابیس ذخیره شدند
2025-11-23 16:58:15,460 | [IRTKGANJ] MS(خرید:663, فروش:188) + TSE(قیمت:97852.0)
2025-11-23 16:58:15,460 | انتظار 5 ثانیه...
2025-11-23 16:58:20,474 | 
[2025-11-23 16:58:20] شروع دریافت همزمان داده‌ها...
2025-11-23 16:58:20,911 | داده‌ها با موفقیت در دیتابیس ذخیره شدند
2025-11-23 16:58:20,912 | [IRTKGANJ] MS(خرید:663, فروش:188) + TSE(قیمت:97852.0)
2025-11-23 16:58:20,912 | انتظار 5 ثانیه...
2025-11-23 16:58:25,924 | 
[2025-11-23 16:58:25] شروع دریافت همزمان داده‌ها...
2025-11-23 16:58:26,074 | داده‌ها با موفقیت در دیتابیس ذخیره شدند
2025-11-23 16:58:26,075 | [IRTKGANJ] MS(خرید:662, فروش:188) + TSE(قیمت:97852.0)
2025-11-23 16:58:26,075 | انتظار 5 ثانیه...
2025-11-23 16:58:31,084 | 
[2025-11-23 16:58:31] شروع دریافت همزمان داده‌ها...
2025-11-23 16:58:31,225 | داده‌ها با موفقیت در دیتابیس ذخیره شدند
2025-11-23 16:58:31,225 | [IRTKGANJ] MS(خرید:661, فروش:189) + TSE(قیمت:97852.0)
2025-11-23 16:58:31,226 | انتظار 5 ثانیه...
2025-11-23 16:58:36,231 | 
[2025-11-23 16:58:36] شروع دریافت همزمان داده‌ها...
2025-11-23 16:58:40,474 | داده‌ها با موفقیت در دیتابیس ذخیره شدند
2025-11-23 16:58:40,475 | [IRTKGANJ] MS(خرید:661, فروش:189) + TSE(قیمت:97852.0)
2025-11-23 16:58:40,475 | انتظار 5 ثانیه...
2025-11-23 16:58:45,475 | 
[2025-11-23 16:58:45] شروع دریافت همزمان داده‌ها...
2025-11-23 16:58:45,590 | داده‌ها با موفقیت در دیتابیس ذخیره شدند
2025-11-23 16:58:45,590 | [IRTKGANJ] MS(خرید:661, فروش:188) + TSE(قیمت:97852.0)
2025-11-23 16:58:45,590 | انتظار 5 ثانیه...
2025-11-23 16:58:50,604 | 
[2025-11-23 16:58:50] شروع دریافت همزمان داده‌ها...
2025-11-23 16:58:50,765 | داده‌ها با موفقیت در دیتابیس ذخیره شدند
2025-11-23 16:58:50,765 | [IRTKGANJ] MS(خرید:661, فروش:188) + TSE(قیمت:97852.0)
2025-11-23 16:58:50,765 | انتظار 5 ثانیه...
2025-11-23 16:58:55,769 | 
[2025-11-23 16:58:55] شروع دریافت همزمان داده‌ها...
2025-11-23 16:58:57,936 | داده‌ها با موفقیت در دیتابیس ذخیره شدند
2025-11-23 16:58:57,936 | [IRTKGANJ] MS(خرید:661, فروش:188) + TSE(قیمت:97852.0)
2025-11-23 16:58:57,936 | انتظار 5 ثانیه...
2025-11-23 16:59:02,944 | 
[2025-11-23 16:59:02] شروع دریافت همزمان داده‌ها...
2025-11-23 16:59:03,074 | داده‌ها با موفقیت در دیتابیس ذخیره شدند
2025-11-23 16:59:03,074 | [IRTKGANJ] MS(خرید:661, فروش:189) + TSE(قیمت:97852.0)
2025-11-23 16:59:03,075 | انتظار 5 ثانیه...
2025-11-23 16:59:08,077 | 
[2025-11-23 16:59:08] شروع دریافت همزمان داده‌ها...
2025-11-23 16:59:08,217 | داده‌ها با موفقیت در دیتابیس ذخیره شدند
2025-11-23 16:59:08,217 | [IRTKGANJ] MS(خرید:661, فروش:189) + TSE(قیمت:97852.0)
2025-11-23 16:59:08,218 | انتظار 5 ثانیه...
2025-11-23 16:59:13,219 | 
[2025-11-23 16:59:13] شروع دریافت همزمان داده‌ها...
2025-11-23 16:59:13,448 | داده‌ها با موفقیت در دیتابیس ذخیره شدند
2025-11-23 16:59:13,448 | [IRTKGANJ] MS(خرید:661, فروش:189) + TSE(قیمت:97852.0)
2025-11-23 16:59:13,449 | انتظار 5 ثانیه...
2025-11-23 16:59:18,464 | 
[2025-11-23 16:59:18] شروع دریافت همزمان داده‌ها...
2025-11-23 16:59:18,595 | داده‌ها با موفقیت در دیتابیس ذخیره شدند
2025-11-23 16:59:18,596 | [IRTKGANJ] MS(خرید:661, فروش:189) + TSE(قیمت:97852.0)
2025-11-23 16:59:18,596 | انتظار 5 ثانیه...
2025-11-23 16:59:23,608 | 
[2025-11-23 16:59:23] شروع دریافت همزمان داده‌ها...
2025-11-23 16:59:23,737 | داده‌ها با موفقیت در دیتابیس ذخیره شدند
2025-11-23 16:59:23,738 | [IRTKGANJ] MS(خرید:662, فروش:189) + TSE(قیمت:97852.0)
2025-11-23 16:59:23,738 | انتظار 5 ثانیه...
2025-11-23 16:59:28,740 | 
[2025-11-23 16:59:28] شروع دریافت همزمان داده‌ها...
2025-11-23 16:59:28,906 | داده‌ها با موفقیت در دیتابیس ذخیره شدند
2025-11-23 16:59:28,907 | [IRTKGANJ] MS(خرید:662, فروش:189) + TSE(قیمت:97852.0)
2025-11-23 16:59:28,907 | انتظار 5 ثانیه...
2025-11-23 16:59:33,918 | 
[2025-11-23 16:59:33] شروع دریافت همزمان داده‌ها...
2025-11-23 16:59:34,111 | داده‌ها با موفقیت در دیتابیس ذخیره شدند
2025-11-23 16:59:34,111 | [IRTKGANJ] MS(خرید:661, فروش:190) + TSE(قیمت:97852.0)
2025-11-23 16:59:34,111 | انتظار 5 ثانیه...
2025-11-23 16:59:39,126 | 
[2025-11-23 16:59:39] شروع دریافت همزمان داده‌ها...
2025-11-23 16:59:39,339 | داده‌ها با موفقیت در دیتابیس ذخیره شدند
2025-11-23 16:59:39,340 | [IRTKGANJ] MS(خرید:661, فروش:190) + TSE(قیمت:97852.0)
2025-11-23 16:59:39,340 | انتظار 5 ثانیه...
2025-11-23 16:59:44,351 | 
[2025-11-23 16:59:44] شروع دریافت همزمان داده‌ها...
2025-11-23 16:59:44,507 | داده‌ها با موفقیت در دیتابیس ذخیره شدند
2025-11-23 16:59:44,507 | [IRTKGANJ] MS(خرید:661, فروش:190) + TSE(قیمت:97852.0)
2025-11-23 16:59:44,507 | انتظار 5 ثانیه...
2025-11-23 16:59:49,515 | 
[2025-11-23 16:59:49] شروع دریافت همزمان داده‌ها...
2025-11-23 16:59:49,733 | داده‌ها با موفقیت در دیتابیس ذخیره شدند
2025-11-23 16:59:49,734 | [IRTKGANJ] MS(خرید:661, فروش:190) + TSE(قیمت:97852.0)
2025-11-23 16:59:49,734 | انتظار 5 ثانیه...
2025-11-23 16:59:54,742 | 
[2025-11-23 16:59:54] شروع دریافت همزمان داده‌ها...
2025-11-23 16:59:54,909 | داده‌ها با موفقیت در دیتابیس ذخیره شدند
2025-11-23 16:59:54,909 | [IRTKGANJ] MS(خرید:661, فروش:190) + TSE(قیمت:97852.0)
2025-11-23 16:59:54,909 | انتظار 5 ثانیه...
2025-11-23 16:59:59,923 | 
[2025-11-23 16:59:59] شروع دریافت همزمان داده‌ها...
2025-11-23 17:00:00,100 | داده‌ها با موفقیت در دیتابیس ذخیره شدند
2025-11-23 17:00:00,100 | [IRTKGANJ] MS(خرید:661, فروش:190) + TSE(قیمت:97852.0)
2025-11-23 17:00:00,100 | انتظار 5 ثانیه...
2025-11-23 17:00:05,103 | 
[2025-11-23 17:00:05] شروع دریافت همزمان داده‌ها...
2025-11-23 17:00:05,220 | داده‌ها با موفقیت در دیتابیس ذخیره شدند
2025-11-23 17:00:05,221 | [IRTKGANJ] MS(خرید:661, فروش:190) + TSE(قیمت:97852.0)
2025-11-23 17:00:05,221 | انتظار 5 ثانیه...
2025-11-23 17:00:10,228 | 
[2025-11-23 17:00:10] شروع دریافت همزمان داده‌ها...
2025-11-23 17:00:10,641 | داده‌ها با موفقیت در دیتابیس ذخیره شدند
2025-11-23 17:00:10,641 | [IRTKGANJ] MS(خرید:661, فروش:190) + TSE(قیمت:97852.0)
2025-11-23 17:00:10,641 | انتظار 5 ثانیه...
2025-11-23 17:00:15,650 | 
[2025-11-23 17:00:15] شروع دریافت همزمان داده‌ها...
2025-11-23 17:00:16,005 | داده‌ها با موفقیت در دیتابیس ذخیره شدند
2025-11-23 17:00:16,005 | [IRTKGANJ] MS(خرید:661, فروش:190) + TSE(قیمت:97852.0)
2025-11-23 17:00:16,006 | انتظار 5 ثانیه...
2025-11-23 17:00:21,020 | 
[2025-11-23 17:00:21] شروع دریافت همزمان داده‌ها...
2025-11-23 17:00:21,253 | داده‌ها با موفقیت در دیتابیس ذخیره شدند
2025-11-23 17:00:21,253 | [IRTKGANJ] MS(خرید:661, فروش:190) + TSE(قیمت:97852.0)
2025-11-23 17:00:21,254 | انتظار 5 ثانیه...
2025-11-23 17:00:26,264 | 
[2025-11-23 17:00:26] شروع دریافت همزمان داده‌ها...
2025-11-23 17:00:26,397 | داده‌ها با موفقیت در دیتابیس ذخیره شدند
2025-11-23 17:00:26,398 | [IRTKGANJ] MS(خرید:661, فروش:190) + TSE(قیمت:97852.0)
2025-11-23 17:00:26,398 | انتظار 5 ثانیه...
2025-11-23 17:00:31,400 | 
[2025-11-23 17:00:31] شروع دریافت همزمان داده‌ها...
2025-11-23 17:00:31,488 | داده‌ها با موفقیت در دیتابیس ذخیره شدند
2025-11-23 17:00:31,488 | [IRTKGANJ] MS(خرید:663, فروش:189) + TSE(قیمت:97852.0)
2025-11-23 17:00:31,488 | انتظار 5 ثانیه...
2025-11-23 17:00:36,493 | 
[2025-11-23 17:00:36] شروع دریافت همزمان داده‌ها...
2025-11-23 17:00:36,657 | داده‌ها با موفقیت در دیتابیس ذخیره شدند
2025-11-23 17:00:36,657 | [IRTKGANJ] MS(خرید:663, فروش:189) + TSE(قیمت:97852.0)
2025-11-23 17:00:36,658 | انتظار 5 ثانیه...
2025-11-23 17:00:41,665 | 
[2025-11-23 17:00:41] شروع دریافت همزمان داده‌ها...
2025-11-23 17:00:41,876 | داده‌ها با موفقیت در دیتابیس ذخیره شدند
2025-11-23 17:00:41,877 | [IRTKGANJ] MS(خرید:663, فروش:189) + TSE(قیمت:97852.0)
2025-11-23 17:00:41,877 | انتظار 5 ثانیه...
2025-11-23 17:00:46,883 | 
[2025-11-23 17:00:46] شروع دریافت همزمان داده‌ها...
2025-11-23 17:00:46,999 | داده‌ها با موفقیت در دیتابیس ذخیره شدند
2025-11-23 17:00:46,999 | [IRTKGANJ] MS(خرید:663, فروش:190) + TSE(قیمت:97852.0)
2025-11-23 17:00:46,999 | انتظار 5 ثانیه...
2025-11-23 17:00:52,003 | 
[2025-11-23 17:00:52] شروع دریافت همزمان داده‌ها...
2025-11-23 17:00:52,204 | داده‌ها با موفقیت در دیتابیس ذخیره شدند
2025-11-23 17:00:52,204 | [IRTKGANJ] MS(خرید:663, فروش:190) + TSE(قیمت:97852.0)
2025-11-23 17:00:52,205 | انتظار 5 ثانیه...
2025-11-23 17:00:57,220 | 
[2025-11-23 17:00:57] شروع دریافت همزمان داده‌ها...
2025-11-23 17:00:57,468 | داده‌ها با موفقیت در دیتابیس ذخیره شدند
2025-11-23 17:00:57,469 | [IRTKGANJ] MS(خرید:663, فروش:190) + TSE(قیمت:97852.0)
2025-11-23 17:00:57,470 | انتظار 5 ثانیه...
2025-11-23 17:01:02,485 | 
[2025-11-23 17:01:02] شروع دریافت همزمان داده‌ها...
2025-11-23 17:01:04,019 | داده‌ها با موفقیت در دیتابیس ذخیره شدند
2025-11-23 17:01:04,020 | [IRTKGANJ] MS(خرید:663, فروش:190) + TSE(قیمت:97852.0)
2025-11-23 17:01:04,020 | انتظار 5 ثانیه...
2025-11-23 17:01:09,027 | 
[2025-11-23 17:01:09] شروع دریافت همزمان داده‌ها...
2025-11-23 17:01:09,265 | داده‌ها با موفقیت در دیتابیس ذخیره شدند
2025-11-23 17:01:09,266 | [IRTKGANJ] MS(خرید:663, فروش:190) + TSE(قیمت:97852.0)
2025-11-23 17:01:09,266 | انتظار 5 ثانیه...
2025-11-23 17:01:14,277 | 
[2025-11-23 17:01:14] شروع دریافت همزمان داده‌ها...
2025-11-23 17:01:14,382 | داده‌ها با موفقیت در دیتابیس ذخیره شدند
2025-11-23 17:01:14,383 | [IRTKGANJ] MS(خرید:663, فروش:190) + TSE(قیمت:97852.0)
2025-11-23 17:01:14,383 | انتظار 5 ثانیه...
2025-11-23 17:01:19,388 | 
[2025-11-23 17:01:19] شروع دریافت همزمان داده‌ها...
2025-11-23 17:01:19,510 | داده‌ها با موفقیت در دیتابیس ذخیره شدند
2025-11-23 17:01:19,510 | [IRTKGANJ] MS(خرید:663, فروش:190) + TSE(قیمت:97852.0)
2025-11-23 17:01:19,510 | انتظار 5 ثانیه...
2025-11-23 17:01:24,512 | 
[2025-11-23 17:01:24] شروع دریافت همزمان داده‌ها...
2025-11-23 17:01:24,646 | داده‌ها با موفقیت در دیتابیس ذخیره شدند
2025-11-23 17:01:24,647 | [IRTKGANJ] MS(خرید:663, فروش:190) + TSE(قیمت:97852.0)
2025-11-23 17:01:24,647 | انتظار 5 ثانیه...
2025-11-23 17:01:29,657 | 
[2025-11-23 17:01:29] شروع دریافت همزمان داده‌ها...
2025-11-23 17:01:29,933 | داده‌ها با موفقیت در دیتابیس ذخیره شدند
2025-11-23 17:01:29,933 | [IRTKGANJ] MS(خرید:663, فروش:190) + TSE(قیمت:97852.0)
2025-11-23 17:01:29,934 | انتظار 5 ثانیه...
2025-11-23 17:01:34,939 | 
[2025-11-23 17:01:34] شروع دریافت همزمان داده‌ها...
2025-11-23 17:01:35,119 | داده‌ها با موفقیت در دیتابیس ذخیره شدند
2025-11-23 17:01:35,120 | [IRTKGANJ] MS(خرید:662, فروش:190) + TSE(قیمت:97852.0)
2025-11-23 17:01:35,121 | انتظار 5 ثانیه...
2025-11-23 17:01:40,132 | 
[2025-11-23 17:01:40] شروع دریافت همزمان داده‌ها...
2025-11-23 17:01:40,362 | داده‌ها با موفقیت در دیتابیس ذخیره شدند
2025-11-23 17:01:40,362 | [IRTKGANJ] MS(خرید:662, فروش:190) + TSE(قیمت:97852.0)
2025-11-23 17:01:40,362 | انتظار 5 ثانیه...
2025-11-23 17:01:45,374 | 
[2025-11-23 17:01:45] شروع دریافت همزمان داده‌ها...
2025-11-23 17:01:45,520 | داده‌ها با موفقیت در دیتابیس ذخیره شدند
2025-11-23 17:01:45,520 | [IRTKGANJ] MS(خرید:662, فروش:190) + TSE(قیمت:97852.0)
2025-11-23 17:01:45,521 | انتظار 5 ثانیه...
2025-11-23 17:01:50,525 | 
[2025-11-23 17:01:50] شروع دریافت همزمان داده‌ها...
2025-11-23 17:01:50,653 | داده‌ها با موفقیت در دیتابیس ذخیره شدند
2025-11-23 17:01:50,653 | [IRTKGANJ] MS(خرید:662, فروش:190) + TSE(قیمت:97852.0)
2025-11-23 17:01:50,654 | انتظار 5 ثانیه...
2025-11-23 17:01:55,669 | 
[2025-11-23 17:01:55] شروع دریافت همزمان داده‌ها...
2025-11-23 17:01:55,790 | داده‌ها با موفقیت در دیتابیس ذخیره شدند
2025-11-23 17:01:55,791 | [IRTKGANJ] MS(خرید:662, فروش:189) + TSE(قیمت:97852.0)
2025-11-23 17:01:55,791 | انتظار 5 ثانیه...
2025-11-23 17:02:00,793 | 
[2025-11-23 17:02:00] شروع دریافت همزمان داده‌ها...
2025-11-23 17:02:01,069 | داده‌ها با موفقیت در دیتابیس ذخیره شدند
2025-11-23 17:02:01,070 | [IRTKGANJ] MS(خرید:662, فروش:189) + TSE(قیمت:97852.0)
2025-11-23 17:02:01,070 | انتظار 5 ثانیه...
2025-11-23 17:02:06,078 | 
[2025-11-23 17:02:06] شروع دریافت همزمان داده‌ها...
2025-11-23 17:02:06,262 | داده‌ها با موفقیت در دیتابیس ذخیره شدند
2025-11-23 17:02:06,262 | [IRTKGANJ] MS(خرید:662, فروش:189) + TSE(قیمت:97852.0)
2025-11-23 17:02:06,263 | انتظار 5 ثانیه...
2025-11-23 17:02:11,270 | 
[2025-11-23 17:02:11] شروع دریافت همزمان داده‌ها...
2025-11-23 17:02:11,617 | داده‌ها با موفقیت در دیتابیس ذخیره شدند
2025-11-23 17:02:11,618 | [IRTKGANJ] MS(خرید:662, فروش:190) + TSE(قیمت:97852.0)
2025-11-23 17:02:11,618 | انتظار 5 ثانیه...
2025-11-23 17:02:16,632 | 
[2025-11-23 17:02:16] شروع دریافت همزمان داده‌ها...
2025-11-23 17:02:16,777 | داده‌ها با موفقیت در دیتابیس ذخیره شدند
2025-11-23 17:02:16,777 | [IRTKGANJ] MS(خرید:662, فروش:190) + TSE(قیمت:97852.0)
2025-11-23 17:02:16,777 | انتظار 5 ثانیه...
2025-11-23 17:02:21,786 | 
[2025-11-23 17:02:21] شروع دریافت همزمان داده‌ها...
2025-11-23 17:02:21,902 | داده‌ها با موفقیت در دیتابیس ذخیره شدند
2025-11-23 17:02:21,902 | [IRTKGANJ] MS(خرید:662, فروش:190) + TSE(قیمت:97852.0)
2025-11-23 17:02:21,903 | انتظار 5 ثانیه...
2025-11-23 17:02:26,913 | 
[2025-11-23 17:02:26] شروع دریافت همزمان داده‌ها...
2025-11-23 17:02:27,054 | داده‌ها با موفقیت در دیتابیس ذخیره شدند
2025-11-23 17:02:27,055 | [IRTKGANJ] MS(خرید:662, فروش:190) + TSE(قیمت:97852.0)
2025-11-23 17:02:27,055 | انتظار 5 ثانیه...
2025-11-23 17:02:32,064 | 
[2025-11-23 17:02:32] شروع دریافت همزمان داده‌ها...
2025-11-23 17:02:32,183 | داده‌ها با موفقیت در دیتابیس ذخیره شدند
2025-11-23 17:02:32,183 | [IRTKGANJ] MS(خرید:663, فروش:190) + TSE(قیمت:97852.0)
2025-11-23 17:02:32,183 | انتظار 5 ثانیه...
2025-11-23 17:02:37,200 | 
[2025-11-23 17:02:37] شروع دریافت همزمان داده‌ها...
2025-11-23 17:02:37,366 | داده‌ها با موفقیت در دیتابیس ذخیره شدند
2025-11-23 17:02:37,366 | [IRTKGANJ] MS(خرید:663, فروش:190) + TSE(قیمت:97852.0)
2025-11-23 17:02:37,366 | انتظار 5 ثانیه...
2025-11-23 17:02:42,379 | 
[2025-11-23 17:02:42] شروع دریافت همزمان داده‌ها...
2025-11-23 17:02:42,516 | داده‌ها با موفقیت در دیتابیس ذخیره شدند
2025-11-23 17:02:42,516 | [IRTKGANJ] MS(خرید:662, فروش:190) + TSE(قیمت:97852.0)
2025-11-23 17:02:42,516 | انتظار 5 ثانیه...
2025-11-23 17:02:47,531 | 
[2025-11-23 17:02:47] شروع دریافت همزمان داده‌ها...
2025-11-23 17:02:47,732 | داده‌ها با موفقیت در دیتابیس ذخیره شدند
2025-11-23 17:02:47,733 | [IRTKGANJ] MS(خرید:662, فروش:190) + TSE(قیمت:97852.0)
2025-11-23 17:02:47,733 | انتظار 5 ثانیه...
2025-11-23 17:02:52,748 | 
[2025-11-23 17:02:52] شروع دریافت همزمان داده‌ها...
2025-11-23 17:02:52,902 | داده‌ها با موفقیت در دیتابیس ذخیره شدند
2025-11-23 17:02:52,902 | [IRTKGANJ] MS(خرید:662, فروش:190) + TSE(قیمت:97852.0)
2025-11-23 17:02:52,903 | انتظار 5 ثانیه...
2025-11-23 17:02:57,908 | 
[2025-11-23 17:02:57] شروع دریافت همزمان داده‌ها...
2025-11-23 17:02:58,076 | داده‌ها با موفقیت در دیتابیس ذخیره شدند
2025-11-23 17:02:58,076 | [IRTKGANJ] MS(خرید:662, فروش:190) + TSE(قیمت:97852.0)
2025-11-23 17:02:58,077 | انتظار 5 ثانیه...
2025-11-23 17:03:03,092 | 
[2025-11-23 17:03:03] شروع دریافت همزمان داده‌ها...
2025-11-23 17:03:03,303 | داده‌ها با موفقیت در دیتابیس ذخیره شدند
2025-11-23 17:03:03,303 | [IRTKGANJ] MS(خرید:662, فروش:190) + TSE(قیمت:97852.0)
2025-11-23 17:03:03,303 | انتظار 5 ثانیه...
2025-11-23 17:03:08,314 | 
[2025-11-23 17:03:08] شروع دریافت همزمان داده‌ها...
2025-11-23 17:03:08,439 | داده‌ها با موفقیت در دیتابیس ذخیره شدند
2025-11-23 17:03:08,439 | [IRTKGANJ] MS(خرید:662, فروش:190) + TSE(قیمت:97852.0)
2025-11-23 17:03:08,440 | انتظار 5 ثانیه...
2025-11-23 17:03:13,451 | 
[2025-11-23 17:03:13] شروع دریافت همزمان داده‌ها...
2025-11-23 17:03:13,647 | داده‌ها با موفقیت در دیتابیس ذخیره شدند
2025-11-23 17:03:13,648 | [IRTKGANJ] MS(خرید:662, فروش:190) + TSE(قیمت:97852.0)
2025-11-23 17:03:13,648 | انتظار 5 ثانیه...
2025-11-23 17:03:18,656 | 
[2025-11-23 17:03:18] شروع دریافت همزمان داده‌ها...
2025-11-23 17:03:18,807 | داده‌ها با موفقیت در دیتابیس ذخیره شدند
2025-11-23 17:03:18,808 | [IRTKGANJ] MS(خرید:663, فروش:189) + TSE(قیمت:97852.0)
2025-11-23 17:03:18,808 | انتظار 5 ثانیه...
2025-11-23 17:03:23,809 | 
[2025-11-23 17:03:23] شروع دریافت همزمان داده‌ها...
2025-11-23 17:03:23,951 | داده‌ها با موفقیت در دیتابیس ذخیره شدند
2025-11-23 17:03:23,951 | [IRTKGANJ] MS(خرید:663, فروش:189) + TSE(قیمت:97852.0)
2025-11-23 17:03:23,951 | انتظار 5 ثانیه...
2025-11-23 17:03:28,954 | 
[2025-11-23 17:03:28] شروع دریافت همزمان داده‌ها...
2025-11-23 17:03:29,169 | داده‌ها با موفقیت در دیتابیس ذخیره شدند
2025-11-23 17:03:29,169 | [IRTKGANJ] MS(خرید:664, فروش:188) + TSE(قیمت:97852.0)
2025-11-23 17:03:29,169 | انتظار 5 ثانیه...
2025-11-23 17:03:34,173 | 
[2025-11-23 17:03:34] شروع دریافت همزمان داده‌ها...
2025-11-23 17:03:34,321 | داده‌ها با موفقیت در دیتابیس ذخیره شدند
2025-11-23 17:03:34,322 | [IRTKGANJ] MS(خرید:664, فروش:188) + TSE(قیمت:97852.0)
2025-11-23 17:03:34,322 | انتظار 5 ثانیه...
2025-11-23 17:03:39,332 | 
[2025-11-23 17:03:39] شروع دریافت همزمان داده‌ها...
2025-11-23 17:03:39,576 | داده‌ها با موفقیت در دیتابیس ذخیره شدند
2025-11-23 17:03:39,576 | [IRTKGANJ] MS(خرید:665, فروش:188) + TSE(قیمت:97852.0)
2025-11-23 17:03:39,577 | انتظار 5 ثانیه...
2025-11-23 17:03:44,582 | 
[2025-11-23 17:03:44] شروع دریافت همزمان داده‌ها...
2025-11-23 17:03:44,735 | داده‌ها با موفقیت در دیتابیس ذخیره شدند
2025-11-23 17:03:44,735 | [IRTKGANJ] MS(خرید:666, فروش:188) + TSE(قیمت:97852.0)
2025-11-23 17:03:44,736 | انتظار 5 ثانیه...
2025-11-23 17:03:49,751 | 
[2025-11-23 17:03:49] شروع دریافت همزمان داده‌ها...
2025-11-23 17:03:49,921 | داده‌ها با موفقیت در دیتابیس ذخیره شدند
2025-11-23 17:03:49,921 | [IRTKGANJ] MS(خرید:667, فروش:188) + TSE(قیمت:97852.0)
2025-11-23 17:03:49,922 | انتظار 5 ثانیه...
2025-11-23 17:03:54,933 | 
[2025-11-23 17:03:54] شروع دریافت همزمان داده‌ها...
2025-11-23 17:03:55,039 | داده‌ها با موفقیت در دیتابیس ذخیره شدند
2025-11-23 17:03:55,039 | [IRTKGANJ] MS(خرید:668, فروش:187) + TSE(قیمت:97852.0)
2025-11-23 17:03:55,039 | انتظار 5 ثانیه...
2025-11-23 17:04:00,040 | 
[2025-11-23 17:04:00] شروع دریافت همزمان داده‌ها...
2025-11-23 17:04:00,167 | داده‌ها با موفقیت در دیتابیس ذخیره شدند
2025-11-23 17:04:00,167 | [IRTKGANJ] MS(خرید:668, فروش:187) + TSE(قیمت:97852.0)
2025-11-23 17:04:00,168 | انتظار 5 ثانیه...
2025-11-23 17:04:05,182 | 
[2025-11-23 17:04:05] شروع دریافت همزمان داده‌ها...
2025-11-23 17:04:05,413 | داده‌ها با موفقیت در دیتابیس ذخیره شدند
2025-11-23 17:04:05,414 | [IRTKGANJ] MS(خرید:668, فروش:187) + TSE(قیمت:97852.0)
2025-11-23 17:04:05,414 | انتظار 5 ثانیه...
2025-11-23 17:04:10,421 | 
[2025-11-23 17:04:10] شروع دریافت همزمان داده‌ها...
2025-11-23 17:04:10,600 | داده‌ها با موفقیت در دیتابیس ذخیره شدند
2025-11-23 17:04:10,600 | [IRTKGANJ] MS(خرید:668, فروش:187) + TSE(قیمت:97852.0)
2025-11-23 17:04:10,600 | انتظار 5 ثانیه...
2025-11-23 17:04:15,613 | 
[2025-11-23 17:04:15] شروع دریافت همزمان داده‌ها...
2025-11-23 17:04:15,817 | داده‌ها با موفقیت در دیتابیس ذخیره شدند
2025-11-23 17:04:15,818 | [IRTKGANJ] MS(خرید:668, فروش:187) + TSE(قیمت:97852.0)
2025-11-23 17:04:15,818 | انتظار 5 ثانیه...
2025-11-23 17:04:20,825 | 
[2025-11-23 17:04:20] شروع دریافت همزمان داده‌ها...
2025-11-23 17:04:20,993 | داده‌ها با موفقیت در دیتابیس ذخیره شدند
2025-11-23 17:04:20,993 | [IRTKGANJ] MS(خرید:669, فروش:186) + TSE(قیمت:97852.0)
2025-11-23 17:04:20,993 | انتظار 5 ثانیه...
2025-11-23 17:04:26,004 | 
[2025-11-23 17:04:26] شروع دریافت همزمان داده‌ها...
2025-11-23 17:04:26,206 | داده‌ها با موفقیت در دیتابیس ذخیره شدند
2025-11-23 17:04:26,207 | [IRTKGANJ] MS(خرید:668, فروش:186) + TSE(قیمت:97851.0)
2025-11-23 17:04:26,207 | انتظار 5 ثانیه...
2025-11-23 17:04:31,220 | 
[2025-11-23 17:04:31] شروع دریافت همزمان داده‌ها...
2025-11-23 17:04:31,451 | داده‌ها با موفقیت در دیتابیس ذخیره شدند
2025-11-23 17:04:31,451 | [IRTKGANJ] MS(خرید:668, فروش:186) + TSE(قیمت:97851.0)
2025-11-23 17:04:31,451 | انتظار 5 ثانیه...
2025-11-23 17:04:36,467 | 
[2025-11-23 17:04:36] شروع دریافت همزمان داده‌ها...
2025-11-23 17:04:36,620 | داده‌ها با موفقیت در دیتابیس ذخیره شدند
2025-11-23 17:04:36,620 | [IRTKGANJ] MS(خرید:668, فروش:186) + TSE(قیمت:97851.0)
2025-11-23 17:04:36,620 | انتظار 5 ثانیه...
2025-11-23 17:04:41,631 | 
[2025-11-23 17:04:41] شروع دریافت همزمان داده‌ها...
2025-11-23 17:04:41,966 | داده‌ها با موفقیت در دیتابیس ذخیره شدند
2025-11-23 17:04:41,966 | [IRTKGANJ] MS(خرید:668, فروش:186) + TSE(قیمت:97851.0)
2025-11-23 17:04:41,966 | انتظار 5 ثانیه...
2025-11-23 17:04:46,970 | 
[2025-11-23 17:04:46] شروع دریافت همزمان داده‌ها...
2025-11-23 17:04:47,096 | داده‌ها با موفقیت در دیتابیس ذخیره شدند
2025-11-23 17:04:47,097 | [IRTKGANJ] MS(خرید:668, فروش:186) + TSE(قیمت:97851.0)
2025-11-23 17:04:47,097 | انتظار 5 ثانیه...
2025-11-23 17:04:52,100 | 
[2025-11-23 17:04:52] شروع دریافت همزمان داده‌ها...
2025-11-23 17:04:52,446 | داده‌ها با موفقیت در دیتابیس ذخیره شدند
2025-11-23 17:04:52,447 | [IRTKGANJ] MS(خرید:668, فروش:186) + TSE(قیمت:97851.0)
2025-11-23 17:04:52,447 | انتظار 5 ثانیه...
2025-11-23 17:04:57,458 | 
[2025-11-23 17:04:57] شروع دریافت همزمان داده‌ها...
2025-11-23 17:04:57,536 | داده‌ها با موفقیت در دیتابیس ذخیره شدند
2025-11-23 17:04:57,536 | [IRTKGANJ] MS(خرید:669, فروش:186) + TSE(قیمت:97851.0)
2025-11-23 17:04:57,536 | انتظار 5 ثانیه...
2025-11-23 17:05:02,541 | 
[2025-11-23 17:05:02] شروع دریافت همزمان داده‌ها...
2025-11-23 17:05:02,675 | داده‌ها با موفقیت در دیتابیس ذخیره شدند
2025-11-23 17:05:02,675 | [IRTKGANJ] MS(خرید:670, فروش:185) + TSE(قیمت:97851.0)
2025-11-23 17:05:02,676 | انتظار 5 ثانیه...
2025-11-23 17:05:07,691 | 
[2025-11-23 17:05:07] شروع دریافت همزمان داده‌ها...
2025-11-23 17:05:07,860 | داده‌ها با موفقیت در دیتابیس ذخیره شدند
2025-11-23 17:05:07,860 | [IRTKGANJ] MS(خرید:670, فروش:185) + TSE(قیمت:97851.0)
2025-11-23 17:05:07,861 | انتظار 5 ثانیه...
2025-11-23 17:05:12,868 | 
[2025-11-23 17:05:12] شروع دریافت همزمان داده‌ها...
2025-11-23 17:05:13,158 | داده‌ها با موفقیت در دیتابیس ذخیره شدند
2025-11-23 17:05:13,158 | [IRTKGANJ] MS(خرید:670, فروش:185) + TSE(قیمت:97851.0)
2025-11-23 17:05:13,158 | انتظار 5 ثانیه...
2025-11-23 17:05:18,165 | 
[2025-11-23 17:05:18] شروع دریافت همزمان داده‌ها...
2025-11-23 17:05:18,309 | داده‌ها با موفقیت در دیتابیس ذخیره شدند
2025-11-23 17:05:18,309 | [IRTKGANJ] MS(خرید:670, فروش:185) + TSE(قیمت:97851.0)
2025-11-23 17:05:18,310 | انتظار 5 ثانیه...
2025-11-23 17:05:23,326 | 
[2025-11-23 17:05:23] شروع دریافت همزمان داده‌ها...
2025-11-23 17:05:23,523 | داده‌ها با موفقیت در دیتابیس ذخیره شدند
2025-11-23 17:05:23,524 | [IRTKGANJ] MS(خرید:670, فروش:186) + TSE(قیمت:97851.0)
2025-11-23 17:05:23,524 | انتظار 5 ثانیه...
2025-11-23 17:05:28,528 | 
[2025-11-23 17:05:28] شروع دریافت همزمان داده‌ها...
2025-11-23 17:05:28,645 | داده‌ها با موفقیت در دیتابیس ذخیره شدند
2025-11-23 17:05:28,645 | [IRTKGANJ] MS(خرید:670, فروش:186) + TSE(قیمت:97851.0)
2025-11-23 17:05:28,645 | انتظار 5 ثانیه...
2025-11-23 17:05:33,659 | 
[2025-11-23 17:05:33] شروع دریافت همزمان داده‌ها...
2025-11-23 17:05:33,829 | داده‌ها با موفقیت در دیتابیس ذخیره شدند
2025-11-23 17:05:33,829 | [IRTKGANJ] MS(خرید:670, فروش:186) + TSE(قیمت:97851.0)
2025-11-23 17:05:33,830 | انتظار 5 ثانیه...
2025-11-23 17:05:38,845 | 
[2025-11-23 17:05:38] شروع دریافت همزمان داده‌ها...
2025-11-23 17:05:39,022 | داده‌ها با موفقیت در دیتابیس ذخیره شدند
2025-11-23 17:05:39,022 | [IRTKGANJ] MS(خرید:670, فروش:186) + TSE(قیمت:97851.0)
2025-11-23 17:05:39,022 | انتظار 5 ثانیه...
2025-11-23 17:05:44,033 | 
[2025-11-23 17:05:44] شروع دریافت همزمان داده‌ها...
2025-11-23 17:05:44,181 | داده‌ها با موفقیت در دیتابیس ذخیره شدند
2025-11-23 17:05:44,182 | [IRTKGANJ] MS(خرید:671, فروش:186) + TSE(قیمت:97851.0)
2025-11-23 17:05:44,182 | انتظار 5 ثانیه...
2025-11-23 17:05:49,190 | 
[2025-11-23 17:05:49] شروع دریافت همزمان داده‌ها...
2025-11-23 17:05:49,372 | داده‌ها با موفقیت در دیتابیس ذخیره شدند
2025-11-23 17:05:49,372 | [IRTKGANJ] MS(خرید:671, فروش:186) + TSE(قیمت:97851.0)
2025-11-23 17:05:49,372 | انتظار 5 ثانیه...
2025-11-23 17:05:54,387 | 
[2025-11-23 17:05:54] شروع دریافت همزمان داده‌ها...
2025-11-23 17:05:54,486 | داده‌ها با موفقیت در دیتابیس ذخیره شدند
2025-11-23 17:05:54,486 | [IRTKGANJ] MS(خرید:671, فروش:186) + TSE(قیمت:97851.0)
2025-11-23 17:05:54,486 | انتظار 5 ثانیه...
2025-11-23 17:05:59,491 | 
[2025-11-23 17:05:59] شروع دریافت همزمان داده‌ها...
2025-11-23 17:05:59,646 | داده‌ها با موفقیت در دیتابیس ذخیره شدند
2025-11-23 17:05:59,646 | [IRTKGANJ] MS(خرید:671, فروش:186) + TSE(قیمت:97851.0)
2025-11-23 17:05:59,647 | انتظار 5 ثانیه...
2025-11-23 17:06:04,648 | 
[2025-11-23 17:06:04] شروع دریافت همزمان داده‌ها...
2025-11-23 17:06:05,083 | داده‌ها با موفقیت در دیتابیس ذخیره شدند
2025-11-23 17:06:05,083 | [IRTKGANJ] MS(خرید:670, فروش:187) + TSE(قیمت:97851.0)
2025-11-23 17:06:05,084 | انتظار 5 ثانیه...
2025-11-23 17:06:10,097 | 
[2025-11-23 17:06:10] شروع دریافت همزمان داده‌ها...
2025-11-23 17:06:10,270 | داده‌ها با موفقیت در دیتابیس ذخیره شدند
2025-11-23 17:06:10,270 | [IRTKGANJ] MS(خرید:670, فروش:187) + TSE(قیمت:97851.0)
2025-11-23 17:06:10,271 | انتظار 5 ثانیه...
2025-11-23 17:06:15,286 | 
[2025-11-23 17:06:15] شروع دریافت همزمان داده‌ها...
2025-11-23 17:06:15,451 | داده‌ها با موفقیت در دیتابیس ذخیره شدند
2025-11-23 17:06:15,451 | [IRTKGANJ] MS(خرید:670, فروش:187) + TSE(قیمت:97851.0)
2025-11-23 17:06:15,452 | انتظار 5 ثانیه...
2025-11-23 17:06:20,465 | 
[2025-11-23 17:06:20] شروع دریافت همزمان داده‌ها...
2025-11-23 17:06:20,666 | داده‌ها با موفقیت در دیتابیس ذخیره شدند
2025-11-23 17:06:20,666 | [IRTKGANJ] MS(خرید:670, فروش:187) + TSE(قیمت:97851.0)
2025-11-23 17:06:20,667 | انتظار 5 ثانیه...
2025-11-23 17:06:25,680 | 
[2025-11-23 17:06:25] شروع دریافت همزمان داده‌ها...
2025-11-23 17:06:29,891 | داده‌ها با موفقیت در دیتابیس ذخیره شدند
2025-11-23 17:06:29,891 | [IRTKGANJ] MS(خرید:670, فروش:187) + TSE(قیمت:97851.0)
2025-11-23 17:06:29,892 | انتظار 5 ثانیه...
2025-11-23 17:06:34,899 | 
[2025-11-23 17:06:34] شروع دریافت همزمان داده‌ها...
2025-11-23 17:06:35,165 | داده‌ها با موفقیت در دیتابیس ذخیره شدند
2025-11-23 17:06:35,166 | [IRTKGANJ] MS(خرید:670, فروش:187) + TSE(قیمت:97851.0)
2025-11-23 17:06:35,166 | انتظار 5 ثانیه...
2025-11-23 17:06:40,177 | 
[2025-11-23 17:06:40] شروع دریافت همزمان داده‌ها...
2025-11-23 17:06:40,390 | داده‌ها با موفقیت در دیتابیس ذخیره شدند
2025-11-23 17:06:40,391 | [IRTKGANJ] MS(خرید:670, فروش:187) + TSE(قیمت:97851.0)
2025-11-23 17:06:40,391 | انتظار 5 ثانیه...
2025-11-23 17:06:45,395 | 
[2025-11-23 17:06:45] شروع دریافت همزمان داده‌ها...
2025-11-23 17:06:45,936 | داده‌ها با موفقیت در دیتابیس ذخیره شدند
2025-11-23 17:06:45,937 | [IRTKGANJ] MS(خرید:670, فروش:187) + TSE(قیمت:97851.0)
2025-11-23 17:06:45,937 | انتظار 5 ثانیه...
2025-11-23 17:06:50,953 | 
[2025-11-23 17:06:50] شروع دریافت همزمان داده‌ها...
2025-11-23 17:06:51,192 | داده‌ها با موفقیت در دیتابیس ذخیره شدند
2025-11-23 17:06:51,192 | [IRTKGANJ] MS(خرید:671, فروش:187) + TSE(قیمت:97851.0)
2025-11-23 17:06:51,193 | انتظار 5 ثانیه...
2025-11-23 17:06:56,205 | 
[2025-11-23 17:06:56] شروع دریافت همزمان داده‌ها...
2025-11-23 17:06:56,453 | داده‌ها با موفقیت در دیتابیس ذخیره شدند
2025-11-23 17:06:56,454 | [IRTKGANJ] MS(خرید:672, فروش:186) + TSE(قیمت:97851.0)
2025-11-23 17:06:56,454 | انتظار 5 ثانیه...
2025-11-23 17:07:01,455 | 
[2025-11-23 17:07:01] شروع دریافت همزمان داده‌ها...
2025-11-23 17:07:01,655 | داده‌ها با موفقیت در دیتابیس ذخیره شدند
2025-11-23 17:07:01,655 | [IRTKGANJ] MS(خرید:671, فروش:186) + TSE(قیمت:97851.0)
2025-11-23 17:07:01,655 | انتظار 5 ثانیه...
2025-11-23 17:07:06,666 | 
[2025-11-23 17:07:06] شروع دریافت همزمان داده‌ها...
2025-11-23 17:07:06,896 | داده‌ها با موفقیت در دیتابیس ذخیره شدند
2025-11-23 17:07:06,896 | [IRTKGANJ] MS(خرید:671, فروش:186) + TSE(قیمت:97851.0)
2025-11-23 17:07:06,896 | انتظار 5 ثانیه...
2025-11-23 17:07:11,912 | 
[2025-11-23 17:07:11] شروع دریافت همزمان داده‌ها...
2025-11-23 17:07:12,117 | داده‌ها با موفقیت در دیتابیس ذخیره شدند
2025-11-23 17:07:12,118 | [IRTKGANJ] MS(خرید:671, فروش:186) + TSE(قیمت:97851.0)
2025-11-23 17:07:12,118 | انتظار 5 ثانیه...
2025-11-23 17:07:17,132 | 
[2025-11-23 17:07:17] شروع دریافت همزمان داده‌ها...
2025-11-23 17:07:17,424 | داده‌ها با موفقیت در دیتابیس ذخیره شدند
2025-11-23 17:07:17,424 | [IRTKGANJ] MS(خرید:671, فروش:186) + TSE(قیمت:97851.0)
2025-11-23 17:07:17,424 | انتظار 5 ثانیه...
2025-11-23 17:07:22,436 | 
[2025-11-23 17:07:22] شروع دریافت همزمان داده‌ها...
2025-11-23 17:07:22,602 | داده‌ها با موفقیت در دیتابیس ذخیره شدند
2025-11-23 17:07:22,602 | [IRTKGANJ] MS(خرید:671, فروش:186) + TSE(قیمت:97851.0)
2025-11-23 17:07:22,603 | انتظار 5 ثانیه...
2025-11-23 17:07:27,618 | 
[2025-11-23 17:07:27] شروع دریافت همزمان داده‌ها...
2025-11-23 17:07:27,793 | داده‌ها با موفقیت در دیتابیس ذخیره شدند
2025-11-23 17:07:27,793 | [IRTKGANJ] MS(خرید:672, فروش:186) + TSE(قیمت:97851.0)
2025-11-23 17:07:27,793 | انتظار 5 ثانیه...
2025-11-23 17:07:32,809 | 
[2025-11-23 17:07:32] شروع دریافت همزمان داده‌ها...
2025-11-23 17:07:33,040 | داده‌ها با موفقیت در دیتابیس ذخیره شدند
2025-11-23 17:07:33,040 | [IRTKGANJ] MS(خرید:672, فروش:186) + TSE(قیمت:97851.0)
2025-11-23 17:07:33,040 | انتظار 5 ثانیه...
2025-11-23 17:07:38,046 | 
[2025-11-23 17:07:38] شروع دریافت همزمان داده‌ها...
2025-11-23 17:07:38,164 | داده‌ها با موفقیت در دیتابیس ذخیره شدند
2025-11-23 17:07:38,165 | [IRTKGANJ] MS(خرید:673, فروش:186) + TSE(قیمت:97851.0)
2025-11-23 17:07:38,165 | انتظار 5 ثانیه...
2025-11-23 17:07:43,168 | 
[2025-11-23 17:07:43] شروع دریافت همزمان داده‌ها...
2025-11-23 17:07:43,345 | داده‌ها با موفقیت در دیتابیس ذخیره شدند
2025-11-23 17:07:43,346 | [IRTKGANJ] MS(خرید:673, فروش:186) + TSE(قیمت:97851.0)
2025-11-23 17:07:43,346 | انتظار 5 ثانیه...
2025-11-23 17:07:48,348 | 
[2025-11-23 17:07:48] شروع دریافت همزمان داده‌ها...
2025-11-23 17:07:48,580 | داده‌ها با موفقیت در دیتابیس ذخیره شدند
2025-11-23 17:07:48,580 | [IRTKGANJ] MS(خرید:673, فروش:186) + TSE(قیمت:97851.0)
2025-11-23 17:07:48,580 | انتظار 5 ثانیه...
2025-11-23 17:07:53,589 | 
[2025-11-23 17:07:53] شروع دریافت همزمان داده‌ها...
2025-11-23 17:07:53,838 | داده‌ها با موفقیت در دیتابیس ذخیره شدند
2025-11-23 17:07:53,838 | [IRTKGANJ] MS(خرید:673, فروش:186) + TSE(قیمت:97851.0)
2025-11-23 17:07:53,839 | انتظار 5 ثانیه...
2025-11-23 17:07:58,844 | 
[2025-11-23 17:07:58] شروع دریافت همزمان داده‌ها...
2025-11-23 17:07:59,038 | داده‌ها با موفقیت در دیتابیس ذخیره شدند
2025-11-23 17:07:59,038 | [IRTKGANJ] MS(خرید:673, فروش:186) + TSE(قیمت:97851.0)
2025-11-23 17:07:59,039 | انتظار 5 ثانیه...
2025-11-23 17:08:04,044 | 
[2025-11-23 17:08:04] شروع دریافت همزمان داده‌ها...
2025-11-23 17:08:04,166 | داده‌ها با موفقیت در دیتابیس ذخیره شدند
2025-11-23 17:08:04,167 | [IRTKGANJ] MS(خرید:673, فروش:186) + TSE(قیمت:97851.0)
2025-11-23 17:08:04,167 | انتظار 5 ثانیه...
2025-11-23 17:08:09,182 | 
[2025-11-23 17:08:09] شروع دریافت همزمان داده‌ها...
2025-11-23 17:08:09,406 | داده‌ها با موفقیت در دیتابیس ذخیره شدند
2025-11-23 17:08:09,407 | [IRTKGANJ] MS(خرید:673, فروش:186) + TSE(قیمت:97851.0)
2025-11-23 17:08:09,407 | انتظار 5 ثانیه...
2025-11-23 17:08:14,411 | 
[2025-11-23 17:08:14] شروع دریافت همزمان داده‌ها...
2025-11-23 17:08:18,627 | داده‌ها با موفقیت در دیتابیس ذخیره شدند
2025-11-23 17:08:18,627 | [IRTKGANJ] MS(خرید:673, فروش:186) + TSE(قیمت:97851.0)
2025-11-23 17:08:18,628 | انتظار 5 ثانیه...
2025-11-23 17:08:23,634 | 
[2025-11-23 17:08:23] شروع دریافت همزمان داده‌ها...
2025-11-23 17:08:23,876 | داده‌ها با موفقیت در دیتابیس ذخیره شدند
2025-11-23 17:08:23,877 | [IRTKGANJ] MS(خرید:674, فروش:186) + TSE(قیمت:97851.0)
2025-11-23 17:08:23,877 | انتظار 5 ثانیه...
2025-11-23 17:08:28,884 | 
[2025-11-23 17:08:28] شروع دریافت همزمان داده‌ها...
2025-11-23 17:08:29,170 | داده‌ها با موفقیت در دیتابیس ذخیره شدند
2025-11-23 17:08:29,170 | [IRTKGANJ] MS(خرید:674, فروش:186) + TSE(قیمت:97851.0)
2025-11-23 17:08:29,170 | انتظار 5 ثانیه...
2025-11-23 17:08:34,181 | 
[2025-11-23 17:08:34] شروع دریافت همزمان داده‌ها...
2025-11-23 17:08:34,306 | داده‌ها با موفقیت در دیتابیس ذخیره شدند
2025-11-23 17:08:34,306 | [IRTKGANJ] MS(خرید:674, فروش:186) + TSE(قیمت:97851.0)
2025-11-23 17:08:34,306 | انتظار 5 ثانیه...
2025-11-23 17:08:39,315 | 
[2025-11-23 17:08:39] شروع دریافت همزمان داده‌ها...
2025-11-23 17:08:39,590 | داده‌ها با موفقیت در دیتابیس ذخیره شدند
2025-11-23 17:08:39,591 | [IRTKGANJ] MS(خرید:676, فروش:185) + TSE(قیمت:97851.0)
2025-11-23 17:08:39,591 | انتظار 5 ثانیه...
2025-11-23 17:08:44,602 | 
[2025-11-23 17:08:44] شروع دریافت همزمان داده‌ها...
2025-11-23 17:08:44,831 | داده‌ها با موفقیت در دیتابیس ذخیره شدند
2025-11-23 17:08:44,832 | [IRTKGANJ] MS(خرید:676, فروش:185) + TSE(قیمت:97851.0)
2025-11-23 17:08:44,832 | انتظار 5 ثانیه...
2025-11-23 17:08:49,846 | 
[2025-11-23 17:08:49] شروع دریافت همزمان داده‌ها...
2025-11-23 17:08:50,009 | داده‌ها با موفقیت در دیتابیس ذخیره شدند
2025-11-23 17:08:50,010 | [IRTKGANJ] MS(خرید:676, فروش:185) + TSE(قیمت:97851.0)
2025-11-23 17:08:50,010 | انتظار 5 ثانیه...
2025-11-23 17:08:55,017 | 
[2025-11-23 17:08:55] شروع دریافت همزمان داده‌ها...
2025-11-23 17:08:55,214 | داده‌ها با موفقیت در دیتابیس ذخیره شدند
2025-11-23 17:08:55,214 | [IRTKGANJ] MS(خرید:675, فروش:185) + TSE(قیمت:97851.0)
2025-11-23 17:08:55,214 | انتظار 5 ثانیه...
2025-11-23 17:09:00,228 | 
[2025-11-23 17:09:00] شروع دریافت همزمان داده‌ها...
2025-11-23 17:09:00,471 | داده‌ها با موفقیت در دیتابیس ذخیره شدند
2025-11-23 17:09:00,471 | [IRTKGANJ] MS(خرید:675, فروش:185) + TSE(قیمت:97851.0)
2025-11-23 17:09:00,471 | انتظار 5 ثانیه...
2025-11-23 17:09:05,478 | 
[2025-11-23 17:09:05] شروع دریافت همزمان داده‌ها...
2025-11-23 17:09:05,680 | داده‌ها با موفقیت در دیتابیس ذخیره شدند
2025-11-23 17:09:05,681 | [IRTKGANJ] MS(خرید:675, فروش:185) + TSE(قیمت:97851.0)
2025-11-23 17:09:05,681 | انتظار 5 ثانیه...
2025-11-23 17:09:10,696 | 
[2025-11-23 17:09:10] شروع دریافت همزمان داده‌ها...
2025-11-23 17:09:10,797 | داده‌ها با موفقیت در دیتابیس ذخیره شدند
2025-11-23 17:09:10,797 | [IRTKGANJ] MS(خرید:676, فروش:185) + TSE(قیمت:97851.0)
2025-11-23 17:09:10,798 | انتظار 5 ثانیه...
2025-11-23 17:09:15,806 | 
[2025-11-23 17:09:15] شروع دریافت همزمان داده‌ها...
2025-11-23 17:09:16,003 | داده‌ها با موفقیت در دیتابیس ذخیره شدند
2025-11-23 17:09:16,004 | [IRTKGANJ] MS(خرید:676, فروش:185) + TSE(قیمت:97851.0)
2025-11-23 17:09:16,004 | انتظار 5 ثانیه...
2025-11-23 17:09:21,009 | 
[2025-11-23 17:09:21] شروع دریافت همزمان داده‌ها...
2025-11-23 17:09:21,207 | داده‌ها با موفقیت در دیتابیس ذخیره شدند
2025-11-23 17:09:21,208 | [IRTKGANJ] MS(خرید:676, فروش:185) + TSE(قیمت:97851.0)
2025-11-23 17:09:21,208 | انتظار 5 ثانیه...
2025-11-23 17:09:26,223 | 
[2025-11-23 17:09:26] شروع دریافت همزمان داده‌ها...
2025-11-23 17:09:26,351 | داده‌ها با موفقیت در دیتابیس ذخیره شدند
2025-11-23 17:09:26,352 | [IRTKGANJ] MS(خرید:676, فروش:185) + TSE(قیمت:97851.0)
2025-11-23 17:09:26,352 | انتظار 5 ثانیه...
2025-11-23 17:09:31,365 | 
[2025-11-23 17:09:31] شروع دریافت همزمان داده‌ها...
2025-11-23 17:09:31,533 | داده‌ها با موفقیت در دیتابیس ذخیره شدند
2025-11-23 17:09:31,534 | [IRTKGANJ] MS(خرید:676, فروش:185) + TSE(قیمت:97851.0)
2025-11-23 17:09:31,534 | انتظار 5 ثانیه...
2025-11-23 17:09:36,542 | 
[2025-11-23 17:09:36] شروع دریافت همزمان داده‌ها...
2025-11-23 17:09:36,646 | داده‌ها با موفقیت در دیتابیس ذخیره شدند
2025-11-23 17:09:36,646 | [IRTKGANJ] MS(خرید:677, فروش:185) + TSE(قیمت:97851.0)
2025-11-23 17:09:36,646 | انتظار 5 ثانیه...
2025-11-23 17:09:41,659 | 
[2025-11-23 17:09:41] شروع دریافت همزمان داده‌ها...
2025-11-23 17:09:41,777 | داده‌ها با موفقیت در دیتابیس ذخیره شدند
2025-11-23 17:09:41,778 | [IRTKGANJ] MS(خرید:677, فروش:185) + TSE(قیمت:97851.0)
2025-11-23 17:09:41,778 | انتظار 5 ثانیه...
2025-11-23 17:09:46,788 | 
[2025-11-23 17:09:46] شروع دریافت همزمان داده‌ها...
2025-11-23 17:09:46,956 | داده‌ها با موفقیت در دیتابیس ذخیره شدند
2025-11-23 17:09:46,957 | [IRTKGANJ] MS(خرید:677, فروش:185) + TSE(قیمت:97851.0)
2025-11-23 17:09:46,957 | انتظار 5 ثانیه...
2025-11-23 17:09:51,969 | 
[2025-11-23 17:09:51] شروع دریافت همزمان داده‌ها...
2025-11-23 17:09:52,085 | داده‌ها با موفقیت در دیتابیس ذخیره شدند
2025-11-23 17:09:52,085 | [IRTKGANJ] MS(خرید:677, فروش:185) + TSE(قیمت:97851.0)
2025-11-23 17:09:52,086 | انتظار 5 ثانیه...
2025-11-23 17:09:57,095 | 
[2025-11-23 17:09:57] شروع دریافت همزمان داده‌ها...
2025-11-23 17:09:57,260 | داده‌ها با موفقیت در دیتابیس ذخیره شدند
2025-11-23 17:09:57,261 | [IRTKGANJ] MS(خرید:677, فروش:185) + TSE(قیمت:97851.0)
2025-11-23 17:09:57,261 | انتظار 5 ثانیه...
2025-11-23 17:10:02,274 | 
[2025-11-23 17:10:02] شروع دریافت همزمان داده‌ها...
2025-11-23 17:10:02,435 | داده‌ها با موفقیت در دیتابیس ذخیره شدند
2025-11-23 17:10:02,436 | [IRTKGANJ] MS(خرید:676, فروش:185) + TSE(قیمت:97851.0)
2025-11-23 17:10:02,436 | انتظار 5 ثانیه...
2025-11-23 17:10:07,443 | 
[2025-11-23 17:10:07] شروع دریافت همزمان داده‌ها...
2025-11-23 17:10:07,594 | داده‌ها با موفقیت در دیتابیس ذخیره شدند
2025-11-23 17:10:07,594 | [IRTKGANJ] MS(خرید:675, فروش:185) + TSE(قیمت:97851.0)
2025-11-23 17:10:07,594 | انتظار 5 ثانیه...
2025-11-23 17:10:12,600 | 
[2025-11-23 17:10:12] شروع دریافت همزمان داده‌ها...
2025-11-23 17:10:12,727 | داده‌ها با موفقیت در دیتابیس ذخیره شدند
2025-11-23 17:10:12,727 | [IRTKGANJ] MS(خرید:674, فروش:185) + TSE(قیمت:97851.0)
2025-11-23 17:10:12,727 | انتظار 5 ثانیه...
2025-11-23 17:10:17,730 | 
[2025-11-23 17:10:17] شروع دریافت همزمان داده‌ها...
2025-11-23 17:10:17,882 | داده‌ها با موفقیت در دیتابیس ذخیره شدند
2025-11-23 17:10:17,882 | [IRTKGANJ] MS(خرید:674, فروش:185) + TSE(قیمت:97851.0)
2025-11-23 17:10:17,883 | انتظار 5 ثانیه...
2025-11-23 17:10:22,887 | 
[2025-11-23 17:10:22] شروع دریافت همزمان داده‌ها...
2025-11-23 17:10:23,040 | داده‌ها با موفقیت در دیتابیس ذخیره شدند
2025-11-23 17:10:23,040 | [IRTKGANJ] MS(خرید:674, فروش:185) + TSE(قیمت:97851.0)
2025-11-23 17:10:23,040 | انتظار 5 ثانیه...
2025-11-23 17:10:28,043 | 
[2025-11-23 17:10:28] شروع دریافت همزمان داده‌ها...
2025-11-23 17:10:28,173 | داده‌ها با موفقیت در دیتابیس ذخیره شدند
2025-11-23 17:10:28,174 | [IRTKGANJ] MS(خرید:675, فروش:184) + TSE(قیمت:97851.0)
2025-11-23 17:10:28,174 | انتظار 5 ثانیه...
2025-11-23 17:10:33,181 | 
[2025-11-23 17:10:33] شروع دریافت همزمان داده‌ها...
2025-11-23 17:10:33,319 | داده‌ها با موفقیت در دیتابیس ذخیره شدند
2025-11-23 17:10:33,320 | [IRTKGANJ] MS(خرید:675, فروش:184) + TSE(قیمت:97851.0)
2025-11-23 17:10:33,320 | انتظار 5 ثانیه...
2025-11-23 17:10:38,325 | 
[2025-11-23 17:10:38] شروع دریافت همزمان داده‌ها...
2025-11-23 17:10:38,494 | داده‌ها با موفقیت در دیتابیس ذخیره شدند
2025-11-23 17:10:38,495 | [IRTKGANJ] MS(خرید:675, فروش:184) + TSE(قیمت:97851.0)
2025-11-23 17:10:38,495 | انتظار 5 ثانیه...
2025-11-23 17:10:43,504 | 
[2025-11-23 17:10:43] شروع دریافت همزمان داده‌ها...
2025-11-23 17:10:43,668 | داده‌ها با موفقیت در دیتابیس ذخیره شدند
2025-11-23 17:10:43,669 | [IRTKGANJ] MS(خرید:675, فروش:184) + TSE(قیمت:97851.0)
2025-11-23 17:10:43,669 | انتظار 5 ثانیه...
2025-11-23 17:10:48,676 | 
[2025-11-23 17:10:48] شروع دریافت همزمان داده‌ها...
2025-11-23 17:10:48,832 | داده‌ها با موفقیت در دیتابیس ذخیره شدند
2025-11-23 17:10:48,832 | [IRTKGANJ] MS(خرید:676, فروش:184) + TSE(قیمت:97851.0)
2025-11-23 17:10:48,833 | انتظار 5 ثانیه...
2025-11-23 17:10:53,840 | 
[2025-11-23 17:10:53] شروع دریافت همزمان داده‌ها...
2025-11-23 17:10:58,004 | داده‌ها با موفقیت در دیتابیس ذخیره شدند
2025-11-23 17:10:58,005 | [IRTKGANJ] MS(خرید:676, فروش:184) + TSE(قیمت:97851.0)
2025-11-23 17:10:58,005 | انتظار 5 ثانیه...
2025-11-23 17:11:03,018 | 
[2025-11-23 17:11:03] شروع دریافت همزمان داده‌ها...
2025-11-23 17:11:03,143 | داده‌ها با موفقیت در دیتابیس ذخیره شدند
2025-11-23 17:11:03,144 | [IRTKGANJ] MS(خرید:676, فروش:184) + TSE(قیمت:97851.0)
2025-11-23 17:11:03,144 | انتظار 5 ثانیه...
2025-11-23 17:11:08,154 | 
[2025-11-23 17:11:08] شروع دریافت همزمان داده‌ها...
2025-11-23 17:11:08,325 | داده‌ها با موفقیت در دیتابیس ذخیره شدند
2025-11-23 17:11:08,325 | [IRTKGANJ] MS(خرید:676, فروش:184) + TSE(قیمت:97851.0)
2025-11-23 17:11:08,326 | انتظار 5 ثانیه...
2025-11-23 17:11:13,331 | 
[2025-11-23 17:11:13] شروع دریافت همزمان داده‌ها...
2025-11-23 17:11:13,563 | داده‌ها با موفقیت در دیتابیس ذخیره شدند
2025-11-23 17:11:13,563 | [IRTKGANJ] MS(خرید:676, فروش:184) + TSE(قیمت:97851.0)
2025-11-23 17:11:13,564 | انتظار 5 ثانیه...
2025-11-23 17:11:18,579 | 
[2025-11-23 17:11:18] شروع دریافت همزمان داده‌ها...
2025-11-23 17:11:18,749 | داده‌ها با موفقیت در دیتابیس ذخیره شدند
2025-11-23 17:11:18,749 | [IRTKGANJ] MS(خرید:676, فروش:184) + TSE(قیمت:97851.0)
2025-11-23 17:11:18,749 | انتظار 5 ثانیه...
2025-11-23 17:11:23,761 | 
[2025-11-23 17:11:23] شروع دریافت همزمان داده‌ها...
2025-11-23 17:11:23,956 | داده‌ها با موفقیت در دیتابیس ذخیره شدند
2025-11-23 17:11:23,957 | [IRTKGANJ] MS(خرید:676, فروش:184) + TSE(قیمت:97851.0)
2025-11-23 17:11:23,957 | انتظار 5 ثانیه...
2025-11-23 17:11:28,968 | 
[2025-11-23 17:11:28] شروع دریافت همزمان داده‌ها...
2025-11-23 17:11:29,180 | داده‌ها با موفقیت در دیتابیس ذخیره شدند
2025-11-23 17:11:29,180 | [IRTKGANJ] MS(خرید:677, فروش:184) + TSE(قیمت:97851.0)
2025-11-23 17:11:29,181 | انتظار 5 ثانیه...
2025-11-23 17:11:34,193 | 
[2025-11-23 17:11:34] شروع دریافت همزمان داده‌ها...
2025-11-23 17:11:34,386 | داده‌ها با موفقیت در دیتابیس ذخیره شدند
2025-11-23 17:11:34,387 | [IRTKGANJ] MS(خرید:677, فروش:184) + TSE(قیمت:97851.0)
2025-11-23 17:11:34,387 | انتظار 5 ثانیه...
2025-11-23 17:11:39,393 | 
[2025-11-23 17:11:39] شروع دریافت همزمان داده‌ها...
2025-11-23 17:11:39,593 | داده‌ها با موفقیت در دیتابیس ذخیره شدند
2025-11-23 17:11:39,594 | [IRTKGANJ] MS(خرید:677, فروش:184) + TSE(قیمت:97851.0)
2025-11-23 17:11:39,594 | انتظار 5 ثانیه...
2025-11-23 17:11:44,600 | 
[2025-11-23 17:11:44] شروع دریافت همزمان داده‌ها...
2025-11-23 17:11:44,746 | داده‌ها با موفقیت در دیتابیس ذخیره شدند
2025-11-23 17:11:44,747 | [IRTKGANJ] MS(خرید:677, فروش:184) + TSE(قیمت:97851.0)
2025-11-23 17:11:44,747 | انتظار 5 ثانیه...
2025-11-23 17:11:49,754 | 
[2025-11-23 17:11:49] شروع دریافت همزمان داده‌ها...
2025-11-23 17:11:49,921 | داده‌ها با موفقیت در دیتابیس ذخیره شدند
2025-11-23 17:11:49,921 | [IRTKGANJ] MS(خرید:676, فروش:184) + TSE(قیمت:97851.0)
2025-11-23 17:11:49,922 | انتظار 5 ثانیه...
2025-11-23 17:11:54,931 | 
[2025-11-23 17:11:54] شروع دریافت همزمان داده‌ها...
2025-11-23 17:11:55,191 | داده‌ها با موفقیت در دیتابیس ذخیره شدند
2025-11-23 17:11:55,191 | [IRTKGANJ] MS(خرید:676, فروش:184) + TSE(قیمت:97851.0)
2025-11-23 17:11:55,191 | انتظار 5 ثانیه...
2025-11-23 17:12:00,199 | 
[2025-11-23 17:12:00] شروع دریافت همزمان داده‌ها...
2025-11-23 17:12:00,347 | داده‌ها با موفقیت در دیتابیس ذخیره شدند
2025-11-23 17:12:00,347 | [IRTKGANJ] MS(خرید:676, فروش:184) + TSE(قیمت:97851.0)
2025-11-23 17:12:00,347 | انتظار 5 ثانیه...
2025-11-23 17:12:11,246 | █                                                          █
2025-11-23 17:12:11,247 | █                    برنامه با موفقیت پایان یافت                     █
2025-11-23 17:12:11,247 | █                                                          █
2025-11-23 17:12:11,247 | ████████████████████████████████████████████████████████████

2025-11-23 17:12:11,247 | █                                                          █
2025-11-23 17:12:11,247 | █                 برنامه دریافت خودکار داده‌های بورس                 █
2025-11-23 17:12:11,247 | █   نسخه Playwright: 40% سبک‌تر + AsyncIO + ذخیره توکن + لاگ‌گیری    █
2025-11-23 17:12:11,248 | █                                                          █
2025-11-23 17:12:11,248 | ████████████████████████████████████████████████████████████
2025-11-23 17:12:11,248 | 
بهینه‌سازی‌های فعال:
2025-11-23 17:12:11,249 |    Playwright (بجای Selenium - 200MB کمتر)
2025-11-23 17:12:11,249 |    AsyncIO (دریافت همزمان)
2025-11-23 17:12:11,249 |    مسدود کردن تصاویر و فونت‌ها
2025-11-23 17:12:11,250 |    بستن خودکار مرورگر
2025-11-23 17:12:11,250 |    ذخیره توکن در فایل → فقط یک لاگین در روز!
2025-11-23 17:12:11,250 |    لاگ‌گیری حرفه‌ای در market_scraper.log
2025-11-23 17:12:11,250 |    مصرف منابع: ~85% کمتر از نسخه اولیه

2025-11-23 17:12:11,572 | جدول market_data_combined ایجاد/به‌روزرسانی شد.
2025-11-23 17:12:11,608 | 
شروعشروعشروعشروعشروعشروعشروعشروعشروعشروعشروعشروعشروعشروعشروعشروعشروعشروعشروعشروعشروعشروعشروعشروعشروعشروعشروعشروعشروعشروع
2025-11-23 17:12:11,608 | شروع برنامه با Playwright (سبک‌تر و سریع‌تر)
2025-11-23 17:12:11,608 | شروعشروعشروعشروعشروعشروعشروعشروعشروعشروعشروعشروعشروعشروعشروعشروعشروعشروعشروعشروعشروعشروعشروعشروعشروعشروعشروعشروعشروعشروع

2025-11-23 17:12:11,609 | توکن معتبر از فایل بارگذاری شد (ذخیره‌شده در 2025-11-23 16:44)
2025-11-23 17:12:11,609 | 
توکن آماده است (طول: 1919 کاراکتر)
2025-11-23 17:12:11,610 |   اولین 30 کاراکتر: eyJhbGciOiJSUzI1NiIsImtpZCI6Im...
2025-11-23 17:12:11,610 |   آخرین 30 کاراکتر: ...JUi7VnB4y2NVX0OcuGkKBQkEb2fthw
2025-11-23 17:12:11,610 | 
════════════════════════════════════════════════════════════
2025-11-23 17:12:11,611 | آماده دریافت داده‌ها با Playwright + AsyncIO...
2025-11-23 17:12:11,611 |   تعداد نمادها: 2
2025-11-23 17:12:11,611 |   • IRTKGANJ0001: 11:45 - 18:00
2025-11-23 17:12:11,611 |   • IRT3MOJF0001: 08:45 - 12:30
2025-11-23 17:12:11,611 |   فاصله زمانی: هر 5 ثانیه
2025-11-23 17:12:11,612 |   ذخیره در: دیتابیس test (schema: tsetmc_api)
2025-11-23 17:12:11,612 |   برای توقف: Ctrl+C
2025-11-23 17:12:11,612 | تمدید خودکار توکن: فعال
2025-11-23 17:12:11,612 | روزهای تعطیل: پنجشنبه و جمعه
2025-11-23 17:12:11,613 | Engine: Playwright (40% سبک‌تر از Selenium)
2025-11-23 17:12:11,613 | AsyncIO: فعال (دریافت همزمان)
2025-11-23 17:12:11,613 | بهینه‌سازی‌ها:
2025-11-23 17:12:11,613 |    - مسدود کردن تصاویر و فونت‌ها
2025-11-23 17:12:11,613 |    - کاهش زمان انتظار
2025-11-23 17:12:11,614 |    - بستن خودکار مرورگر
2025-11-23 17:12:11,614 |    - ذخیره توکن در فایل (فقط یک لاگین در روز!)
2025-11-23 17:12:11,614 |    - لاگ‌گیری حرفه‌ای در market_scraper.log
2025-11-23 17:12:11,614 | ════════════════════════════════════════════════════════════

2025-11-23 17:12:11,615 | 
[2025-11-23 17:12:11] شروع دریافت همزمان داده‌ها...
2025-11-23 17:12:12,633 | داده‌ها با موفقیت در دیتابیس ذخیره شدند
2025-11-23 17:12:12,634 | [IRTKGANJ] MS(خرید:677, فروش:185) + TSE(قیمت:97851.0)
2025-11-23 17:12:12,634 | انتظار 5 ثانیه...
2025-11-23 17:12:17,636 | 
[2025-11-23 17:12:17] شروع دریافت همزمان داده‌ها...
2025-11-23 17:12:17,761 | داده‌ها با موفقیت در دیتابیس ذخیره شدند
2025-11-23 17:12:17,762 | [IRTKGANJ] MS(خرید:677, فروش:185) + TSE(قیمت:97851.0)
2025-11-23 17:12:17,762 | انتظار 5 ثانیه...
2025-11-23 17:12:22,771 | 
[2025-11-23 17:12:22] شروع دریافت همزمان داده‌ها...
2025-11-23 17:12:22,925 | داده‌ها با موفقیت در دیتابیس ذخیره شدند
2025-11-23 17:12:22,925 | [IRTKGANJ] MS(خرید:677, فروش:185) + TSE(قیمت:97851.0)
2025-11-23 17:12:22,926 | انتظار 5 ثانیه...
2025-11-23 17:12:27,930 | 
[2025-11-23 17:12:27] شروع دریافت همزمان داده‌ها...
2025-11-23 17:12:28,025 | داده‌ها با موفقیت در دیتابیس ذخیره شدند
2025-11-23 17:12:28,025 | [IRTKGANJ] MS(خرید:677, فروش:185) + TSE(قیمت:97851.0)
2025-11-23 17:12:28,026 | انتظار 5 ثانیه...
2025-11-23 17:12:33,029 | 
[2025-11-23 17:12:33] شروع دریافت همزمان داده‌ها...
2025-11-23 17:12:33,151 | داده‌ها با موفقیت در دیتابیس ذخیره شدند
2025-11-23 17:12:33,152 | [IRTKGANJ] MS(خرید:677, فروش:185) + TSE(قیمت:97851.0)
2025-11-23 17:12:33,152 | انتظار 5 ثانیه...
2025-11-23 17:12:38,155 | 
[2025-11-23 17:12:38] شروع دریافت همزمان داده‌ها...
2025-11-23 17:12:38,270 | داده‌ها با موفقیت در دیتابیس ذخیره شدند
2025-11-23 17:12:38,270 | [IRTKGANJ] MS(خرید:677, فروش:185) + TSE(قیمت:97851.0)
2025-11-23 17:12:38,271 | انتظار 5 ثانیه...
2025-11-23 17:12:43,285 | 
[2025-11-23 17:12:43] شروع دریافت همزمان داده‌ها...
2025-11-23 17:12:43,403 | داده‌ها با موفقیت در دیتابیس ذخیره شدند
2025-11-23 17:12:43,403 | [IRTKGANJ] MS(خرید:677, فروش:185) + TSE(قیمت:97851.0)
2025-11-23 17:12:43,404 | انتظار 5 ثانیه...
2025-11-23 17:12:48,415 | 
[2025-11-23 17:12:48] شروع دریافت همزمان داده‌ها...
2025-11-23 17:12:48,577 | داده‌ها با موفقیت در دیتابیس ذخیره شدند
2025-11-23 17:12:48,577 | [IRTKGANJ] MS(خرید:678, فروش:185) + TSE(قیمت:97851.0)
2025-11-23 17:12:48,578 | انتظار 5 ثانیه...
2025-11-23 17:12:53,588 | 
[2025-11-23 17:12:53] شروع دریافت همزمان داده‌ها...
2025-11-23 17:12:53,795 | داده‌ها با موفقیت در دیتابیس ذخیره شدند
2025-11-23 17:12:53,796 | [IRTKGANJ] MS(خرید:678, فروش:185) + TSE(قیمت:97851.0)
2025-11-23 17:12:53,796 | انتظار 5 ثانیه...
2025-11-23 17:12:58,806 | 
[2025-11-23 17:12:58] شروع دریافت همزمان داده‌ها...
2025-11-23 17:12:58,997 | داده‌ها با موفقیت در دیتابیس ذخیره شدند
2025-11-23 17:12:58,997 | [IRTKGANJ] MS(خرید:678, فروش:185) + TSE(قیمت:97851.0)
2025-11-23 17:12:58,997 | انتظار 5 ثانیه...
2025-11-23 17:13:04,002 | 
[2025-11-23 17:13:04] شروع دریافت همزمان داده‌ها...
2025-11-23 17:13:04,221 | داده‌ها با موفقیت در دیتابیس ذخیره شدند
2025-11-23 17:13:04,222 | [IRTKGANJ] MS(خرید:673, فروش:186) + TSE(قیمت:97851.0)
2025-11-23 17:13:04,222 | انتظار 5 ثانیه...
2025-11-23 17:13:09,236 | 
[2025-11-23 17:13:09] شروع دریافت همزمان داده‌ها...
2025-11-23 17:13:09,415 | داده‌ها با موفقیت در دیتابیس ذخیره شدند
2025-11-23 17:13:09,415 | [IRTKGANJ] MS(خرید:673, فروش:186) + TSE(قیمت:97851.0)
2025-11-23 17:13:09,415 | انتظار 5 ثانیه...
2025-11-23 17:13:14,423 | 
[2025-11-23 17:13:14] شروع دریافت همزمان داده‌ها...
2025-11-23 17:13:16,554 | داده‌ها با موفقیت در دیتابیس ذخیره شدند
2025-11-23 17:13:16,554 | [IRTKGANJ] MS(خرید:673, فروش:186) + TSE(قیمت:97851.0)
2025-11-23 17:13:16,555 | انتظار 5 ثانیه...
2025-11-23 17:13:21,558 | 
[2025-11-23 17:13:21] شروع دریافت همزمان داده‌ها...
2025-11-23 17:13:21,671 | داده‌ها با موفقیت در دیتابیس ذخیره شدند
2025-11-23 17:13:21,671 | [IRTKGANJ] MS(خرید:673, فروش:186) + TSE(قیمت:97851.0)
2025-11-23 17:13:21,672 | انتظار 5 ثانیه...
2025-11-23 17:13:26,684 | 
[2025-11-23 17:13:26] شروع دریافت همزمان داده‌ها...
2025-11-23 17:13:26,870 | داده‌ها با موفقیت در دیتابیس ذخیره شدند
2025-11-23 17:13:26,870 | [IRTKGANJ] MS(خرید:673, فروش:186) + TSE(قیمت:97851.0)
2025-11-23 17:13:26,870 | انتظار 5 ثانیه...
2025-11-23 17:13:31,873 | 
[2025-11-23 17:13:31] شروع دریافت همزمان داده‌ها...
2025-11-23 17:13:32,071 | داده‌ها با موفقیت در دیتابیس ذخیره شدند
2025-11-23 17:13:32,072 | [IRTKGANJ] MS(خرید:673, فروش:186) + TSE(قیمت:97851.0)
2025-11-23 17:13:32,072 | انتظار 5 ثانیه...
2025-11-23 17:13:37,082 | 
[2025-11-23 17:13:37] شروع دریافت همزمان داده‌ها...
2025-11-23 17:13:37,195 | داده‌ها با موفقیت در دیتابیس ذخیره شدند
2025-11-23 17:13:37,196 | [IRTKGANJ] MS(خرید:673, فروش:186) + TSE(قیمت:97851.0)
2025-11-23 17:13:37,196 | انتظار 5 ثانیه...
2025-11-23 17:13:42,206 | 
[2025-11-23 17:13:42] شروع دریافت همزمان داده‌ها...
2025-11-23 17:13:42,294 | داده‌ها با موفقیت در دیتابیس ذخیره شدند
2025-11-23 17:13:42,295 | [IRTKGANJ] MS(خرید:673, فروش:186) + TSE(قیمت:97851.0)
2025-11-23 17:13:42,295 | انتظار 5 ثانیه...
2025-11-23 17:13:47,309 | 
[2025-11-23 17:13:47] شروع دریافت همزمان داده‌ها...
2025-11-23 17:13:47,440 | داده‌ها با موفقیت در دیتابیس ذخیره شدند
2025-11-23 17:13:47,440 | [IRTKGANJ] MS(خرید:673, فروش:186) + TSE(قیمت:97851.0)
2025-11-23 17:13:47,441 | انتظار 5 ثانیه...
2025-11-23 17:13:52,444 | 
[2025-11-23 17:13:52] شروع دریافت همزمان داده‌ها...
2025-11-23 17:13:52,605 | داده‌ها با موفقیت در دیتابیس ذخیره شدند
2025-11-23 17:13:52,606 | [IRTKGANJ] MS(خرید:673, فروش:186) + TSE(قیمت:97851.0)
2025-11-23 17:13:52,606 | انتظار 5 ثانیه...
2025-11-23 17:13:57,620 | 
[2025-11-23 17:13:57] شروع دریافت همزمان داده‌ها...
2025-11-23 17:13:57,800 | داده‌ها با موفقیت در دیتابیس ذخیره شدند
2025-11-23 17:13:57,801 | [IRTKGANJ] MS(خرید:673, فروش:186) + TSE(قیمت:97851.0)
2025-11-23 17:13:57,801 | انتظار 5 ثانیه...
2025-11-23 17:14:02,813 | 
[2025-11-23 17:14:02] شروع دریافت همزمان داده‌ها...
2025-11-23 17:14:02,966 | داده‌ها با موفقیت در دیتابیس ذخیره شدند
2025-11-23 17:14:02,966 | [IRTKGANJ] MS(خرید:673, فروش:186) + TSE(قیمت:97851.0)
2025-11-23 17:14:02,966 | انتظار 5 ثانیه...
2025-11-23 17:14:07,978 | 
[2025-11-23 17:14:07] شروع دریافت همزمان داده‌ها...
2025-11-23 17:14:08,091 | داده‌ها با موفقیت در دیتابیس ذخیره شدند
2025-11-23 17:14:08,091 | [IRTKGANJ] MS(خرید:669, فروش:187) + TSE(قیمت:97851.0)
2025-11-23 17:14:08,091 | انتظار 5 ثانیه...
2025-11-23 17:14:13,093 | 
[2025-11-23 17:14:13] شروع دریافت همزمان داده‌ها...
2025-11-23 17:14:13,268 | داده‌ها با موفقیت در دیتابیس ذخیره شدند
2025-11-23 17:14:13,268 | [IRTKGANJ] MS(خرید:669, فروش:187) + TSE(قیمت:97851.0)
2025-11-23 17:14:13,268 | انتظار 5 ثانیه...
2025-11-23 17:14:18,283 | 
[2025-11-23 17:14:18] شروع دریافت همزمان داده‌ها...
2025-11-23 17:14:18,443 | داده‌ها با موفقیت در دیتابیس ذخیره شدند
2025-11-23 17:14:18,443 | [IRTKGANJ] MS(خرید:669, فروش:187) + TSE(قیمت:97851.0)
2025-11-23 17:14:18,443 | انتظار 5 ثانیه...
2025-11-23 17:14:23,452 | 
[2025-11-23 17:14:23] شروع دریافت همزمان داده‌ها...
2025-11-23 17:14:23,667 | داده‌ها با موفقیت در دیتابیس ذخیره شدند
2025-11-23 17:14:23,668 | [IRTKGANJ] MS(خرید:665, فروش:188) + TSE(قیمت:97851.0)
2025-11-23 17:14:23,668 | انتظار 5 ثانیه...
2025-11-23 17:14:28,683 | 
[2025-11-23 17:14:28] شروع دریافت همزمان داده‌ها...
2025-11-23 17:14:28,772 | داده‌ها با موفقیت در دیتابیس ذخیره شدند
2025-11-23 17:14:28,772 | [IRTKGANJ] MS(خرید:665, فروش:188) + TSE(قیمت:97851.0)
2025-11-23 17:14:28,773 | انتظار 5 ثانیه...
2025-11-23 17:14:33,787 | 
[2025-11-23 17:14:33] شروع دریافت همزمان داده‌ها...
2025-11-23 17:14:33,939 | داده‌ها با موفقیت در دیتابیس ذخیره شدند
2025-11-23 17:14:33,940 | [IRTKGANJ] MS(خرید:665, فروش:188) + TSE(قیمت:97851.0)
2025-11-23 17:14:33,940 | انتظار 5 ثانیه...
2025-11-23 17:14:38,941 | 
[2025-11-23 17:14:38] شروع دریافت همزمان داده‌ها...
2025-11-23 17:14:39,064 | داده‌ها با موفقیت در دیتابیس ذخیره شدند
2025-11-23 17:14:39,064 | [IRTKGANJ] MS(خرید:661, فروش:190) + TSE(قیمت:97851.0)
2025-11-23 17:14:39,064 | انتظار 5 ثانیه...
2025-11-23 17:14:44,077 | 
[2025-11-23 17:14:44] شروع دریافت همزمان داده‌ها...
2025-11-23 17:14:44,300 | داده‌ها با موفقیت در دیتابیس ذخیره شدند
2025-11-23 17:14:44,301 | [IRTKGANJ] MS(خرید:661, فروش:190) + TSE(قیمت:97851.0)
2025-11-23 17:14:44,301 | انتظار 5 ثانیه...
2025-11-23 17:14:49,314 | 
[2025-11-23 17:14:49] شروع دریافت همزمان داده‌ها...
2025-11-23 17:14:49,541 | داده‌ها با موفقیت در دیتابیس ذخیره شدند
2025-11-23 17:14:49,541 | [IRTKGANJ] MS(خرید:661, فروش:190) + TSE(قیمت:97851.0)
2025-11-23 17:14:49,542 | انتظار 5 ثانیه...
2025-11-23 17:14:54,545 | 
[2025-11-23 17:14:54] شروع دریافت همزمان داده‌ها...
2025-11-23 17:14:54,699 | داده‌ها با موفقیت در دیتابیس ذخیره شدند
2025-11-23 17:14:54,699 | [IRTKGANJ] MS(خرید:662, فروش:190) + TSE(قیمت:97851.0)
2025-11-23 17:14:54,699 | انتظار 5 ثانیه...
2025-11-23 17:14:59,710 | 
[2025-11-23 17:14:59] شروع دریافت همزمان داده‌ها...
2025-11-23 17:14:59,946 | داده‌ها با موفقیت در دیتابیس ذخیره شدند
2025-11-23 17:14:59,946 | [IRTKGANJ] MS(خرید:663, فروش:190) + TSE(قیمت:97851.0)
2025-11-23 17:14:59,947 | انتظار 5 ثانیه...
2025-11-23 17:15:04,961 | 
[2025-11-23 17:15:04] شروع دریافت همزمان داده‌ها...
2025-11-23 17:15:05,145 | داده‌ها با موفقیت در دیتابیس ذخیره شدند
2025-11-23 17:15:05,146 | [IRTKGANJ] MS(خرید:662, فروش:190) + TSE(قیمت:97851.0)
2025-11-23 17:15:05,146 | انتظار 5 ثانیه...
2025-11-23 17:15:10,158 | 
[2025-11-23 17:15:10] شروع دریافت همزمان داده‌ها...
2025-11-23 17:15:10,346 | داده‌ها با موفقیت در دیتابیس ذخیره شدند
2025-11-23 17:15:10,347 | [IRTKGANJ] MS(خرید:662, فروش:190) + TSE(قیمت:97851.0)
2025-11-23 17:15:10,347 | انتظار 5 ثانیه...
2025-11-23 17:15:15,361 | 
[2025-11-23 17:15:15] شروع دریافت همزمان داده‌ها...
2025-11-23 17:15:15,507 | داده‌ها با موفقیت در دیتابیس ذخیره شدند
2025-11-23 17:15:15,508 | [IRTKGANJ] MS(خرید:663, فروش:190) + TSE(قیمت:97851.0)
2025-11-23 17:15:15,508 | انتظار 5 ثانیه...
2025-11-23 17:15:20,516 | 
[2025-11-23 17:15:20] شروع دریافت همزمان داده‌ها...
2025-11-23 17:15:20,692 | داده‌ها با موفقیت در دیتابیس ذخیره شدند
2025-11-23 17:15:20,692 | [IRTKGANJ] MS(خرید:663, فروش:190) + TSE(قیمت:97851.0)
2025-11-23 17:15:20,692 | انتظار 5 ثانیه...
2025-11-23 17:15:25,698 | 
[2025-11-23 17:15:25] شروع دریافت همزمان داده‌ها...
2025-11-23 17:15:25,868 | داده‌ها با موفقیت در دیتابیس ذخیره شدند
2025-11-23 17:15:25,868 | [IRTKGANJ] MS(خرید:663, فروش:190) + TSE(قیمت:97851.0)
2025-11-23 17:15:25,869 | انتظار 5 ثانیه...
2025-11-23 17:15:30,878 | 
[2025-11-23 17:15:30] شروع دریافت همزمان داده‌ها...
2025-11-23 17:15:31,135 | داده‌ها با موفقیت در دیتابیس ذخیره شدند
2025-11-23 17:15:31,136 | [IRTKGANJ] MS(خرید:664, فروش:190) + TSE(قیمت:97851.0)
2025-11-23 17:15:31,136 | انتظار 5 ثانیه...
2025-11-23 17:15:36,151 | 
[2025-11-23 17:15:36] شروع دریافت همزمان داده‌ها...
2025-11-23 17:15:36,383 | داده‌ها با موفقیت در دیتابیس ذخیره شدند
2025-11-23 17:15:36,383 | [IRTKGANJ] MS(خرید:664, فروش:189) + TSE(قیمت:97851.0)
2025-11-23 17:15:36,384 | انتظار 5 ثانیه...
2025-11-23 17:15:41,386 | 
[2025-11-23 17:15:41] شروع دریافت همزمان داده‌ها...
2025-11-23 17:15:41,621 | داده‌ها با موفقیت در دیتابیس ذخیره شدند
2025-11-23 17:15:41,622 | [IRTKGANJ] MS(خرید:663, فروش:190) + TSE(قیمت:97851.0)
2025-11-23 17:15:41,622 | انتظار 5 ثانیه...
2025-11-23 17:15:46,634 | 
[2025-11-23 17:15:46] شروع دریافت همزمان داده‌ها...
2025-11-23 17:15:46,780 | داده‌ها با موفقیت در دیتابیس ذخیره شدند
2025-11-23 17:15:46,780 | [IRTKGANJ] MS(خرید:663, فروش:190) + TSE(قیمت:97851.0)
2025-11-23 17:15:46,781 | انتظار 5 ثانیه...
2025-11-23 17:15:51,787 | 
[2025-11-23 17:15:51] شروع دریافت همزمان داده‌ها...
2025-11-23 17:15:52,001 | داده‌ها با موفقیت در دیتابیس ذخیره شدند
2025-11-23 17:15:52,002 | [IRTKGANJ] MS(خرید:663, فروش:190) + TSE(قیمت:97851.0)
2025-11-23 17:15:52,002 | انتظار 5 ثانیه...
2025-11-23 17:15:57,016 | 
[2025-11-23 17:15:57] شروع دریافت همزمان داده‌ها...
2025-11-23 17:15:57,144 | داده‌ها با موفقیت در دیتابیس ذخیره شدند
2025-11-23 17:15:57,144 | [IRTKGANJ] MS(خرید:663, فروش:190) + TSE(قیمت:97851.0)
2025-11-23 17:15:57,145 | انتظار 5 ثانیه...
2025-11-23 17:16:02,157 | 
[2025-11-23 17:16:02] شروع دریافت همزمان داده‌ها...
2025-11-23 17:16:02,309 | داده‌ها با موفقیت در دیتابیس ذخیره شدند
2025-11-23 17:16:02,309 | [IRTKGANJ] MS(خرید:663, فروش:190) + TSE(قیمت:97851.0)
2025-11-23 17:16:02,310 | انتظار 5 ثانیه...
2025-11-23 17:16:07,325 | 
[2025-11-23 17:16:07] شروع دریافت همزمان داده‌ها...
2025-11-23 17:16:07,541 | داده‌ها با موفقیت در دیتابیس ذخیره شدند
2025-11-23 17:16:07,542 | [IRTKGANJ] MS(خرید:663, فروش:190) + TSE(قیمت:97851.0)
2025-11-23 17:16:07,542 | انتظار 5 ثانیه...
2025-11-23 17:16:12,543 | 
[2025-11-23 17:16:12] شروع دریافت همزمان داده‌ها...
2025-11-23 17:16:12,668 | داده‌ها با موفقیت در دیتابیس ذخیره شدند
2025-11-23 17:16:12,668 | [IRTKGANJ] MS(خرید:663, فروش:190) + TSE(قیمت:97851.0)
2025-11-23 17:16:12,668 | انتظار 5 ثانیه...
2025-11-23 17:16:17,669 | 
[2025-11-23 17:16:17] شروع دریافت همزمان داده‌ها...
2025-11-23 17:16:17,819 | داده‌ها با موفقیت در دیتابیس ذخیره شدند
2025-11-23 17:16:17,819 | [IRTKGANJ] MS(خرید:663, فروش:191) + TSE(قیمت:97851.0)
2025-11-23 17:16:17,820 | انتظار 5 ثانیه...
2025-11-23 17:16:22,824 | 
[2025-11-23 17:16:22] شروع دریافت همزمان داده‌ها...
2025-11-23 17:16:23,081 | داده‌ها با موفقیت در دیتابیس ذخیره شدند
2025-11-23 17:16:23,082 | [IRTKGANJ] MS(خرید:663, فروش:191) + TSE(قیمت:97851.0)
2025-11-23 17:16:23,082 | انتظار 5 ثانیه...
2025-11-23 17:16:28,090 | 
[2025-11-23 17:16:28] شروع دریافت همزمان داده‌ها...
2025-11-23 17:16:28,284 | داده‌ها با موفقیت در دیتابیس ذخیره شدند
2025-11-23 17:16:28,285 | [IRTKGANJ] MS(خرید:662, فروش:192) + TSE(قیمت:97851.0)
2025-11-23 17:16:28,285 | انتظار 5 ثانیه...
2025-11-23 17:16:33,291 | 
[2025-11-23 17:16:33] شروع دریافت همزمان داده‌ها...
2025-11-23 17:16:33,535 | داده‌ها با موفقیت در دیتابیس ذخیره شدند
2025-11-23 17:16:33,535 | [IRTKGANJ] MS(خرید:662, فروش:192) + TSE(قیمت:97851.0)
2025-11-23 17:16:33,536 | انتظار 5 ثانیه...
2025-11-23 17:16:38,549 | 
[2025-11-23 17:16:38] شروع دریافت همزمان داده‌ها...
2025-11-23 17:16:38,695 | داده‌ها با موفقیت در دیتابیس ذخیره شدند
2025-11-23 17:16:38,696 | [IRTKGANJ] MS(خرید:662, فروش:192) + TSE(قیمت:97851.0)
2025-11-23 17:16:38,696 | انتظار 5 ثانیه...
2025-11-23 17:16:43,699 | 
[2025-11-23 17:16:43] شروع دریافت همزمان داده‌ها...
2025-11-23 17:16:43,850 | داده‌ها با موفقیت در دیتابیس ذخیره شدند
2025-11-23 17:16:43,850 | [IRTKGANJ] MS(خرید:662, فروش:192) + TSE(قیمت:97851.0)
2025-11-23 17:16:43,851 | انتظار 5 ثانیه...
2025-11-23 17:16:48,862 | 
[2025-11-23 17:16:48] شروع دریافت همزمان داده‌ها...
2025-11-23 17:16:48,979 | داده‌ها با موفقیت در دیتابیس ذخیره شدند
2025-11-23 17:16:48,980 | [IRTKGANJ] MS(خرید:662, فروش:192) + TSE(قیمت:97851.0)
2025-11-23 17:16:48,981 | انتظار 5 ثانیه...
2025-11-23 17:16:53,996 | 
[2025-11-23 17:16:53] شروع دریافت همزمان داده‌ها...
2025-11-23 17:16:54,268 | داده‌ها با موفقیت در دیتابیس ذخیره شدند
2025-11-23 17:16:54,268 | [IRTKGANJ] MS(خرید:662, فروش:192) + TSE(قیمت:97851.0)
2025-11-23 17:16:54,268 | انتظار 5 ثانیه...
2025-11-23 17:16:59,270 | 
[2025-11-23 17:16:59] شروع دریافت همزمان داده‌ها...
2025-11-23 17:16:59,410 | داده‌ها با موفقیت در دیتابیس ذخیره شدند
2025-11-23 17:16:59,410 | [IRTKGANJ] MS(خرید:662, فروش:192) + TSE(قیمت:97851.0)
2025-11-23 17:16:59,411 | انتظار 5 ثانیه...
2025-11-23 17:17:04,421 | 
[2025-11-23 17:17:04] شروع دریافت همزمان داده‌ها...
2025-11-23 17:17:04,573 | داده‌ها با موفقیت در دیتابیس ذخیره شدند
2025-11-23 17:17:04,574 | [IRTKGANJ] MS(خرید:662, فروش:192) + TSE(قیمت:97851.0)
2025-11-23 17:17:04,574 | انتظار 5 ثانیه...
2025-11-23 17:17:09,577 | 
[2025-11-23 17:17:09] شروع دریافت همزمان داده‌ها...
2025-11-23 17:17:09,710 | داده‌ها با موفقیت در دیتابیس ذخیره شدند
2025-11-23 17:17:09,711 | [IRTKGANJ] MS(خرید:662, فروش:192) + TSE(قیمت:97851.0)
2025-11-23 17:17:09,711 | انتظار 5 ثانیه...
2025-11-23 17:17:14,725 | 
[2025-11-23 17:17:14] شروع دریافت همزمان داده‌ها...
2025-11-23 17:17:14,934 | داده‌ها با موفقیت در دیتابیس ذخیره شدند
2025-11-23 17:17:14,934 | [IRTKGANJ] MS(خرید:663, فروش:192) + TSE(قیمت:97851.0)
2025-11-23 17:17:14,935 | انتظار 5 ثانیه...
2025-11-23 17:17:19,943 | 
[2025-11-23 17:17:19] شروع دریافت همزمان داده‌ها...
2025-11-23 17:17:20,112 | داده‌ها با موفقیت در دیتابیس ذخیره شدند
2025-11-23 17:17:20,113 | [IRTKGANJ] MS(خرید:663, فروش:192) + TSE(قیمت:97851.0)
2025-11-23 17:17:20,113 | انتظار 5 ثانیه...
2025-11-23 17:17:25,124 | 
[2025-11-23 17:17:25] شروع دریافت همزمان داده‌ها...
2025-11-23 17:17:25,287 | داده‌ها با موفقیت در دیتابیس ذخیره شدند
2025-11-23 17:17:25,287 | [IRTKGANJ] MS(خرید:663, فروش:192) + TSE(قیمت:97851.0)
2025-11-23 17:17:25,288 | انتظار 5 ثانیه...
2025-11-23 17:17:30,302 | 
[2025-11-23 17:17:30] شروع دریافت همزمان داده‌ها...
2025-11-23 17:17:30,506 | داده‌ها با موفقیت در دیتابیس ذخیره شدند
2025-11-23 17:17:30,507 | [IRTKGANJ] MS(خرید:663, فروش:192) + TSE(قیمت:97851.0)
2025-11-23 17:17:30,507 | انتظار 5 ثانیه...
2025-11-23 17:17:35,522 | 
[2025-11-23 17:17:35] شروع دریافت همزمان داده‌ها...
2025-11-23 17:17:35,641 | داده‌ها با موفقیت در دیتابیس ذخیره شدند
2025-11-23 17:17:35,641 | [IRTKGANJ] MS(خرید:663, فروش:192) + TSE(قیمت:97851.0)
2025-11-23 17:17:35,642 | انتظار 5 ثانیه...
2025-11-23 17:17:40,656 | 
[2025-11-23 17:17:40] شروع دریافت همزمان داده‌ها...
2025-11-23 17:17:40,822 | داده‌ها با موفقیت در دیتابیس ذخیره شدند
2025-11-23 17:17:40,822 | [IRTKGANJ] MS(خرید:663, فروش:192) + TSE(قیمت:97851.0)
2025-11-23 17:17:40,823 | انتظار 5 ثانیه...
2025-11-23 17:17:45,827 | 
[2025-11-23 17:17:45] شروع دریافت همزمان داده‌ها...
2025-11-23 17:17:45,976 | داده‌ها با موفقیت در دیتابیس ذخیره شدند
2025-11-23 17:17:45,977 | [IRTKGANJ] MS(خرید:664, فروش:192) + TSE(قیمت:97851.0)
2025-11-23 17:17:45,977 | انتظار 5 ثانیه...
2025-11-23 17:17:50,981 | 
[2025-11-23 17:17:50] شروع دریافت همزمان داده‌ها...
2025-11-23 17:17:51,119 | داده‌ها با موفقیت در دیتابیس ذخیره شدند
2025-11-23 17:17:51,120 | [IRTKGANJ] MS(خرید:664, فروش:192) + TSE(قیمت:97851.0)
2025-11-23 17:17:51,120 | انتظار 5 ثانیه...
2025-11-23 17:17:56,128 | 
[2025-11-23 17:17:56] شروع دریافت همزمان داده‌ها...
2025-11-23 17:17:56,229 | داده‌ها با موفقیت در دیتابیس ذخیره شدند
2025-11-23 17:17:56,230 | [IRTKGANJ] MS(خرید:665, فروش:192) + TSE(قیمت:97851.0)
2025-11-23 17:17:56,230 | انتظار 5 ثانیه...
2025-11-23 17:18:01,237 | 
[2025-11-23 17:18:01] شروع دریافت همزمان داده‌ها...
2025-11-23 17:18:05,633 | داده‌ها با موفقیت در دیتابیس ذخیره شدند
2025-11-23 17:18:05,634 | [IRTKGANJ] MS(خرید:666, فروش:192) + TSE(قیمت:97851.0)
2025-11-23 17:18:05,634 | انتظار 5 ثانیه...
2025-11-23 17:18:10,644 | 
[2025-11-23 17:18:10] شروع دریافت همزمان داده‌ها...
2025-11-23 17:18:12,117 | داده‌ها با موفقیت در دیتابیس ذخیره شدند
2025-11-23 17:18:12,118 | [IRTKGANJ] MS(خرید:666, فروش:192) + TSE(قیمت:97851.0)
2025-11-23 17:18:12,118 | انتظار 5 ثانیه...
2025-11-23 17:18:17,126 | 
[2025-11-23 17:18:17] شروع دریافت همزمان داده‌ها...
2025-11-23 17:18:17,359 | داده‌ها با موفقیت در دیتابیس ذخیره شدند
2025-11-23 17:18:17,359 | [IRTKGANJ] MS(خرید:666, فروش:192) + TSE(قیمت:97851.0)
2025-11-23 17:18:17,359 | انتظار 5 ثانیه...
2025-11-23 17:18:22,375 | 
[2025-11-23 17:18:22] شروع دریافت همزمان داده‌ها...
2025-11-23 17:18:22,594 | داده‌ها با موفقیت در دیتابیس ذخیره شدند
2025-11-23 17:18:22,595 | [IRTKGANJ] MS(خرید:666, فروش:192) + TSE(قیمت:97851.0)
2025-11-23 17:18:22,595 | انتظار 5 ثانیه...
2025-11-23 17:18:27,606 | 
[2025-11-23 17:18:27] شروع دریافت همزمان داده‌ها...
2025-11-23 17:18:27,714 | داده‌ها با موفقیت در دیتابیس ذخیره شدند
2025-11-23 17:18:27,715 | [IRTKGANJ] MS(خرید:665, فروش:192) + TSE(قیمت:97851.0)
2025-11-23 17:18:27,715 | انتظار 5 ثانیه...
2025-11-23 17:18:32,719 | 
[2025-11-23 17:18:32] شروع دریافت همزمان داده‌ها...
2025-11-23 17:18:32,873 | داده‌ها با موفقیت در دیتابیس ذخیره شدند
2025-11-23 17:18:32,873 | [IRTKGANJ] MS(خرید:665, فروش:192) + TSE(قیمت:97851.0)
2025-11-23 17:18:32,874 | انتظار 5 ثانیه...
2025-11-23 17:18:37,877 | 
[2025-11-23 17:18:37] شروع دریافت همزمان داده‌ها...
2025-11-23 17:18:38,096 | داده‌ها با موفقیت در دیتابیس ذخیره شدند
2025-11-23 17:18:38,096 | [IRTKGANJ] MS(خرید:666, فروش:192) + TSE(قیمت:97851.0)
2025-11-23 17:18:38,096 | انتظار 5 ثانیه...
2025-11-23 17:18:43,098 | 
[2025-11-23 17:18:43] شروع دریافت همزمان داده‌ها...
2025-11-23 17:18:43,265 | داده‌ها با موفقیت در دیتابیس ذخیره شدند
2025-11-23 17:18:43,265 | [IRTKGANJ] MS(خرید:666, فروش:192) + TSE(قیمت:97851.0)
2025-11-23 17:18:43,266 | انتظار 5 ثانیه...
2025-11-23 17:18:48,267 | 
[2025-11-23 17:18:48] شروع دریافت همزمان داده‌ها...
2025-11-23 17:18:48,390 | داده‌ها با موفقیت در دیتابیس ذخیره شدند
2025-11-23 17:18:48,391 | [IRTKGANJ] MS(خرید:666, فروش:192) + TSE(قیمت:97851.0)
2025-11-23 17:18:48,391 | انتظار 5 ثانیه...
2025-11-23 17:18:53,403 | 
[2025-11-23 17:18:53] شروع دریافت همزمان داده‌ها...
2025-11-23 17:18:53,513 | داده‌ها با موفقیت در دیتابیس ذخیره شدند
2025-11-23 17:18:53,514 | [IRTKGANJ] MS(خرید:666, فروش:192) + TSE(قیمت:97851.0)
2025-11-23 17:18:53,514 | انتظار 5 ثانیه...
2025-11-23 17:18:58,523 | 
[2025-11-23 17:18:58] شروع دریافت همزمان داده‌ها...
2025-11-23 17:18:58,649 | داده‌ها با موفقیت در دیتابیس ذخیره شدند
2025-11-23 17:18:58,649 | [IRTKGANJ] MS(خرید:666, فروش:192) + TSE(قیمت:97851.0)
2025-11-23 17:18:58,650 | انتظار 5 ثانیه...
2025-11-23 17:19:03,662 | 
[2025-11-23 17:19:03] شروع دریافت همزمان داده‌ها...
2025-11-23 17:19:03,881 | داده‌ها با موفقیت در دیتابیس ذخیره شدند
2025-11-23 17:19:03,881 | [IRTKGANJ] MS(خرید:667, فروش:191) + TSE(قیمت:97851.0)
2025-11-23 17:19:03,881 | انتظار 5 ثانیه...
2025-11-23 17:19:08,889 | 
[2025-11-23 17:19:08] شروع دریافت همزمان داده‌ها...
2025-11-23 17:19:09,142 | داده‌ها با موفقیت در دیتابیس ذخیره شدند
2025-11-23 17:19:09,143 | [IRTKGANJ] MS(خرید:667, فروش:191) + TSE(قیمت:97851.0)
2025-11-23 17:19:09,143 | انتظار 5 ثانیه...
2025-11-23 17:19:14,145 | 
[2025-11-23 17:19:14] شروع دریافت همزمان داده‌ها...
2025-11-23 17:19:14,319 | داده‌ها با موفقیت در دیتابیس ذخیره شدند
2025-11-23 17:19:14,319 | [IRTKGANJ] MS(خرید:668, فروش:191) + TSE(قیمت:97851.0)
2025-11-23 17:19:14,319 | انتظار 5 ثانیه...
2025-11-23 17:19:19,329 | 
[2025-11-23 17:19:19] شروع دریافت همزمان داده‌ها...
2025-11-23 17:19:19,493 | داده‌ها با موفقیت در دیتابیس ذخیره شدند
2025-11-23 17:19:19,494 | [IRTKGANJ] MS(خرید:668, فروش:191) + TSE(قیمت:97851.0)
2025-11-23 17:19:19,494 | انتظار 5 ثانیه...
2025-11-23 17:19:24,500 | 
[2025-11-23 17:19:24] شروع دریافت همزمان داده‌ها...
2025-11-23 17:19:24,653 | داده‌ها با موفقیت در دیتابیس ذخیره شدند
2025-11-23 17:19:24,654 | [IRTKGANJ] MS(خرید:668, فروش:191) + TSE(قیمت:97851.0)
2025-11-23 17:19:24,654 | انتظار 5 ثانیه...
2025-11-23 17:19:29,664 | 
[2025-11-23 17:19:29] شروع دریافت همزمان داده‌ها...
2025-11-23 17:19:29,789 | داده‌ها با موفقیت در دیتابیس ذخیره شدند
2025-11-23 17:19:29,789 | [IRTKGANJ] MS(خرید:668, فروش:191) + TSE(قیمت:97850.0)
2025-11-23 17:19:29,790 | انتظار 5 ثانیه...
2025-11-23 17:19:34,800 | 
[2025-11-23 17:19:34] شروع دریافت همزمان داده‌ها...
2025-11-23 17:19:35,029 | داده‌ها با موفقیت در دیتابیس ذخیره شدند
2025-11-23 17:19:35,030 | [IRTKGANJ] MS(خرید:668, فروش:191) + TSE(قیمت:97850.0)
2025-11-23 17:19:35,030 | انتظار 5 ثانیه...
2025-11-23 17:19:40,046 | 
[2025-11-23 17:19:40] شروع دریافت همزمان داده‌ها...
2025-11-23 17:19:40,204 | داده‌ها با موفقیت در دیتابیس ذخیره شدند
2025-11-23 17:19:40,205 | [IRTKGANJ] MS(خرید:668, فروش:191) + TSE(قیمت:97850.0)
2025-11-23 17:19:40,205 | انتظار 5 ثانیه...
2025-11-23 17:19:45,207 | 
[2025-11-23 17:19:45] شروع دریافت همزمان داده‌ها...
2025-11-23 17:19:45,406 | داده‌ها با موفقیت در دیتابیس ذخیره شدند
2025-11-23 17:19:45,407 | [IRTKGANJ] MS(خرید:668, فروش:191) + TSE(قیمت:97850.0)
2025-11-23 17:19:45,407 | انتظار 5 ثانیه...
2025-11-23 17:19:50,415 | 
[2025-11-23 17:19:50] شروع دریافت همزمان داده‌ها...
2025-11-23 17:19:50,561 | داده‌ها با موفقیت در دیتابیس ذخیره شدند
2025-11-23 17:19:50,562 | [IRTKGANJ] MS(خرید:669, فروش:190) + TSE(قیمت:97850.0)
2025-11-23 17:19:50,562 | انتظار 5 ثانیه...
2025-11-23 17:19:55,577 | 
[2025-11-23 17:19:55] شروع دریافت همزمان داده‌ها...
2025-11-23 17:19:55,669 | داده‌ها با موفقیت در دیتابیس ذخیره شدند
2025-11-23 17:19:55,669 | [IRTKGANJ] MS(خرید:668, فروش:191) + TSE(قیمت:97850.0)
2025-11-23 17:19:55,669 | انتظار 5 ثانیه...
2025-11-23 17:20:00,677 | 
[2025-11-23 17:20:00] شروع دریافت همزمان داده‌ها...
2025-11-23 17:20:00,789 | داده‌ها با موفقیت در دیتابیس ذخیره شدند
2025-11-23 17:20:00,790 | [IRTKGANJ] MS(خرید:668, فروش:191) + TSE(قیمت:97850.0)
2025-11-23 17:20:00,790 | انتظار 5 ثانیه...
2025-11-23 17:20:05,802 | 
[2025-11-23 17:20:05] شروع دریافت همزمان داده‌ها...
2025-11-23 17:20:05,942 | داده‌ها با موفقیت در دیتابیس ذخیره شدند
2025-11-23 17:20:05,942 | [IRTKGANJ] MS(خرید:668, فروش:191) + TSE(قیمت:97850.0)
2025-11-23 17:20:05,943 | انتظار 5 ثانیه...
2025-11-23 17:20:10,953 | 
[2025-11-23 17:20:10] شروع دریافت همزمان داده‌ها...
2025-11-23 17:20:11,104 | داده‌ها با موفقیت در دیتابیس ذخیره شدند
2025-11-23 17:20:11,104 | [IRTKGANJ] MS(خرید:671, فروش:190) + TSE(قیمت:97850.0)
2025-11-23 17:20:11,105 | انتظار 5 ثانیه...
2025-11-23 17:20:16,114 | 
[2025-11-23 17:20:16] شروع دریافت همزمان داده‌ها...
2025-11-23 17:20:16,326 | داده‌ها با موفقیت در دیتابیس ذخیره شدند
2025-11-23 17:20:16,327 | [IRTKGANJ] MS(خرید:671, فروش:190) + TSE(قیمت:97850.0)
2025-11-23 17:20:16,327 | انتظار 5 ثانیه...
2025-11-23 17:20:21,335 | 
[2025-11-23 17:20:21] شروع دریافت همزمان داده‌ها...
2025-11-23 17:20:21,473 | داده‌ها با موفقیت در دیتابیس ذخیره شدند
2025-11-23 17:20:21,473 | [IRTKGANJ] MS(خرید:671, فروش:190) + TSE(قیمت:97850.0)
2025-11-23 17:20:21,474 | انتظار 5 ثانیه...
2025-11-23 17:20:26,487 | 
[2025-11-23 17:20:26] شروع دریافت همزمان داده‌ها...
2025-11-23 17:20:26,638 | داده‌ها با موفقیت در دیتابیس ذخیره شدند
2025-11-23 17:20:26,638 | [IRTKGANJ] MS(خرید:670, فروش:190) + TSE(قیمت:97850.0)
2025-11-23 17:20:26,639 | انتظار 5 ثانیه...
2025-11-23 17:20:31,647 | 
[2025-11-23 17:20:31] شروع دریافت همزمان داده‌ها...
2025-11-23 17:20:31,788 | داده‌ها با موفقیت در دیتابیس ذخیره شدند
2025-11-23 17:20:31,788 | [IRTKGANJ] MS(خرید:671, فروش:190) + TSE(قیمت:97850.0)
2025-11-23 17:20:31,789 | انتظار 5 ثانیه...
2025-11-23 17:20:36,803 | 
[2025-11-23 17:20:36] شروع دریافت همزمان داده‌ها...
2025-11-23 17:20:36,900 | داده‌ها با موفقیت در دیتابیس ذخیره شدند
2025-11-23 17:20:36,901 | [IRTKGANJ] MS(خرید:671, فروش:190) + TSE(قیمت:97850.0)
2025-11-23 17:20:36,901 | انتظار 5 ثانیه...
2025-11-23 17:20:41,911 | 
[2025-11-23 17:20:41] شروع دریافت همزمان داده‌ها...
2025-11-23 17:20:42,064 | داده‌ها با موفقیت در دیتابیس ذخیره شدند
2025-11-23 17:20:42,065 | [IRTKGANJ] MS(خرید:670, فروش:191) + TSE(قیمت:97850.0)
2025-11-23 17:20:42,065 | انتظار 5 ثانیه...
2025-11-23 17:20:47,076 | 
[2025-11-23 17:20:47] شروع دریافت همزمان داده‌ها...
2025-11-23 17:20:48,446 | داده‌ها با موفقیت در دیتابیس ذخیره شدند
2025-11-23 17:20:48,446 | [IRTKGANJ] MS(خرید:669, فروش:191) + TSE(قیمت:97850.0)
2025-11-23 17:20:48,447 | انتظار 5 ثانیه...
2025-11-23 17:20:53,461 | 
[2025-11-23 17:20:53] شروع دریافت همزمان داده‌ها...
2025-11-23 17:20:53,620 | داده‌ها با موفقیت در دیتابیس ذخیره شدند
2025-11-23 17:20:53,621 | [IRTKGANJ] MS(خرید:669, فروش:189) + TSE(قیمت:97850.0)
2025-11-23 17:20:53,621 | انتظار 5 ثانیه...
2025-11-23 17:20:58,636 | 
[2025-11-23 17:20:58] شروع دریافت همزمان داده‌ها...
2025-11-23 17:20:58,819 | داده‌ها با موفقیت در دیتابیس ذخیره شدند
2025-11-23 17:20:58,819 | [IRTKGANJ] MS(خرید:669, فروش:189) + TSE(قیمت:97850.0)
2025-11-23 17:20:58,819 | انتظار 5 ثانیه...
2025-11-23 17:21:03,823 | 
[2025-11-23 17:21:03] شروع دریافت همزمان داده‌ها...
2025-11-23 17:21:04,022 | داده‌ها با موفقیت در دیتابیس ذخیره شدند
2025-11-23 17:21:04,022 | [IRTKGANJ] MS(خرید:669, فروش:189) + TSE(قیمت:97850.0)
2025-11-23 17:21:04,023 | انتظار 5 ثانیه...
2025-11-23 17:21:09,024 | 
[2025-11-23 17:21:09] شروع دریافت همزمان داده‌ها...
2025-11-23 17:21:09,195 | داده‌ها با موفقیت در دیتابیس ذخیره شدند
2025-11-23 17:21:09,196 | [IRTKGANJ] MS(خرید:667, فروش:190) + TSE(قیمت:97850.0)
2025-11-23 17:21:09,196 | انتظار 5 ثانیه...
2025-11-23 17:21:14,213 | 
[2025-11-23 17:21:14] شروع دریافت همزمان داده‌ها...
2025-11-23 17:21:14,356 | داده‌ها با موفقیت در دیتابیس ذخیره شدند
2025-11-23 17:21:14,357 | [IRTKGANJ] MS(خرید:668, فروش:190) + TSE(قیمت:97850.0)
2025-11-23 17:21:14,357 | انتظار 5 ثانیه...
2025-11-23 17:21:19,359 | 
[2025-11-23 17:21:19] شروع دریافت همزمان داده‌ها...
2025-11-23 17:21:19,635 | داده‌ها با موفقیت در دیتابیس ذخیره شدند
2025-11-23 17:21:19,636 | [IRTKGANJ] MS(خرید:667, فروش:190) + TSE(قیمت:97850.0)
2025-11-23 17:21:19,636 | انتظار 5 ثانیه...
2025-11-23 17:21:24,642 | 
[2025-11-23 17:21:24] شروع دریافت همزمان داده‌ها...
2025-11-23 17:21:24,749 | داده‌ها با موفقیت در دیتابیس ذخیره شدند
2025-11-23 17:21:24,749 | [IRTKGANJ] MS(خرید:667, فروش:190) + TSE(قیمت:97850.0)
2025-11-23 17:21:24,750 | انتظار 5 ثانیه...
2025-11-23 17:21:29,756 | 
[2025-11-23 17:21:29] شروع دریافت همزمان داده‌ها...
2025-11-23 17:21:29,882 | داده‌ها با موفقیت در دیتابیس ذخیره شدند
2025-11-23 17:21:29,882 | [IRTKGANJ] MS(خرید:667, فروش:190) + TSE(قیمت:97850.0)
2025-11-23 17:21:29,883 | انتظار 5 ثانیه...
2025-11-23 17:21:34,895 | 
[2025-11-23 17:21:34] شروع دریافت همزمان داده‌ها...
2025-11-23 17:21:35,060 | داده‌ها با موفقیت در دیتابیس ذخیره شدند
2025-11-23 17:21:35,060 | [IRTKGANJ] MS(خرید:667, فروش:190) + TSE(قیمت:97850.0)
2025-11-23 17:21:35,060 | انتظار 5 ثانیه...
2025-11-23 17:21:40,067 | 
[2025-11-23 17:21:40] شروع دریافت همزمان داده‌ها...
2025-11-23 17:21:40,232 | داده‌ها با موفقیت در دیتابیس ذخیره شدند
2025-11-23 17:21:40,232 | [IRTKGANJ] MS(خرید:667, فروش:190) + TSE(قیمت:97850.0)
2025-11-23 17:21:40,232 | انتظار 5 ثانیه...
2025-11-23 17:21:45,247 | 
[2025-11-23 17:21:45] شروع دریافت همزمان داده‌ها...
2025-11-23 17:21:45,493 | داده‌ها با موفقیت در دیتابیس ذخیره شدند
2025-11-23 17:21:45,494 | [IRTKGANJ] MS(خرید:667, فروش:190) + TSE(قیمت:97850.0)
2025-11-23 17:21:45,494 | انتظار 5 ثانیه...
2025-11-23 17:21:50,504 | 
[2025-11-23 17:21:50] شروع دریافت همزمان داده‌ها...
2025-11-23 17:21:50,657 | داده‌ها با موفقیت در دیتابیس ذخیره شدند
2025-11-23 17:21:50,657 | [IRTKGANJ] MS(خرید:665, فروش:190) + TSE(قیمت:97850.0)
2025-11-23 17:21:50,658 | انتظار 5 ثانیه...
2025-11-23 17:21:55,671 | 
[2025-11-23 17:21:55] شروع دریافت همزمان داده‌ها...
2025-11-23 17:21:55,868 | داده‌ها با موفقیت در دیتابیس ذخیره شدند
2025-11-23 17:21:55,868 | [IRTKGANJ] MS(خرید:665, فروش:190) + TSE(قیمت:97850.0)
2025-11-23 17:21:55,869 | انتظار 5 ثانیه...
2025-11-23 17:22:00,878 | 
[2025-11-23 17:22:00] شروع دریافت همزمان داده‌ها...
2025-11-23 17:22:01,021 | داده‌ها با موفقیت در دیتابیس ذخیره شدند
2025-11-23 17:22:01,022 | [IRTKGANJ] MS(خرید:665, فروش:190) + TSE(قیمت:97850.0)
2025-11-23 17:22:01,022 | انتظار 5 ثانیه...
2025-11-23 17:22:06,035 | 
[2025-11-23 17:22:06] شروع دریافت همزمان داده‌ها...
2025-11-23 17:22:06,150 | داده‌ها با موفقیت در دیتابیس ذخیره شدند
2025-11-23 17:22:06,151 | [IRTKGANJ] MS(خرید:665, فروش:190) + TSE(قیمت:97850.0)
2025-11-23 17:22:06,151 | انتظار 5 ثانیه...
2025-11-23 17:22:11,167 | 
[2025-11-23 17:22:11] شروع دریافت همزمان داده‌ها...
2025-11-23 17:22:11,358 | داده‌ها با موفقیت در دیتابیس ذخیره شدند
2025-11-23 17:22:11,358 | [IRTKGANJ] MS(خرید:665, فروش:190) + TSE(قیمت:97850.0)
2025-11-23 17:22:11,359 | انتظار 5 ثانیه...
2025-11-23 17:22:16,371 | 
[2025-11-23 17:22:16] شروع دریافت همزمان داده‌ها...
2025-11-23 17:22:16,481 | داده‌ها با موفقیت در دیتابیس ذخیره شدند
2025-11-23 17:22:16,481 | [IRTKGANJ] MS(خرید:664, فروش:190) + TSE(قیمت:97850.0)
2025-11-23 17:22:16,482 | انتظار 5 ثانیه...
2025-11-23 17:22:21,489 | 
[2025-11-23 17:22:21] شروع دریافت همزمان داده‌ها...
2025-11-23 17:22:21,653 | داده‌ها با موفقیت در دیتابیس ذخیره شدند
2025-11-23 17:22:21,654 | [IRTKGANJ] MS(خرید:664, فروش:190) + TSE(قیمت:97850.0)
2025-11-23 17:22:21,654 | انتظار 5 ثانیه...
2025-11-23 17:22:26,668 | 
[2025-11-23 17:22:26] شروع دریافت همزمان داده‌ها...
2025-11-23 17:22:26,820 | داده‌ها با موفقیت در دیتابیس ذخیره شدند
2025-11-23 17:22:26,821 | [IRTKGANJ] MS(خرید:664, فروش:190) + TSE(قیمت:97850.0)
2025-11-23 17:22:26,821 | انتظار 5 ثانیه...
2025-11-23 17:22:31,832 | 
[2025-11-23 17:22:31] شروع دریافت همزمان داده‌ها...
2025-11-23 17:22:32,063 | داده‌ها با موفقیت در دیتابیس ذخیره شدند
2025-11-23 17:22:32,063 | [IRTKGANJ] MS(خرید:664, فروش:190) + TSE(قیمت:97850.0)
2025-11-23 17:22:32,063 | انتظار 5 ثانیه...
2025-11-23 17:22:37,072 | 
[2025-11-23 17:22:37] شروع دریافت همزمان داده‌ها...
2025-11-23 17:22:37,308 | داده‌ها با موفقیت در دیتابیس ذخیره شدند
2025-11-23 17:22:37,308 | [IRTKGANJ] MS(خرید:664, فروش:190) + TSE(قیمت:97850.0)
2025-11-23 17:22:37,308 | انتظار 5 ثانیه...
2025-11-23 17:22:42,314 | 
[2025-11-23 17:22:42] شروع دریافت همزمان داده‌ها...
2025-11-23 17:22:42,497 | داده‌ها با موفقیت در دیتابیس ذخیره شدند
2025-11-23 17:22:42,498 | [IRTKGANJ] MS(خرید:664, فروش:190) + TSE(قیمت:97850.0)
2025-11-23 17:22:42,498 | انتظار 5 ثانیه...
2025-11-23 17:22:47,506 | 
[2025-11-23 17:22:47] شروع دریافت همزمان داده‌ها...
2025-11-23 17:22:47,655 | داده‌ها با موفقیت در دیتابیس ذخیره شدند
2025-11-23 17:22:47,655 | [IRTKGANJ] MS(خرید:664, فروش:190) + TSE(قیمت:97850.0)
2025-11-23 17:22:47,655 | انتظار 5 ثانیه...
2025-11-23 17:22:52,656 | 
[2025-11-23 17:22:52] شروع دریافت همزمان داده‌ها...
2025-11-23 17:22:52,786 | داده‌ها با موفقیت در دیتابیس ذخیره شدند
2025-11-23 17:22:52,786 | [IRTKGANJ] MS(خرید:665, فروش:190) + TSE(قیمت:97850.0)
2025-11-23 17:22:52,787 | انتظار 5 ثانیه...
2025-11-23 17:22:57,788 | 
[2025-11-23 17:22:57] شروع دریافت همزمان داده‌ها...
2025-11-23 17:22:57,937 | داده‌ها با موفقیت در دیتابیس ذخیره شدند
2025-11-23 17:22:57,938 | [IRTKGANJ] MS(خرید:665, فروش:190) + TSE(قیمت:97850.0)
2025-11-23 17:22:57,938 | انتظار 5 ثانیه...
2025-11-23 17:23:02,943 | 
[2025-11-23 17:23:02] شروع دریافت همزمان داده‌ها...
2025-11-23 17:23:03,156 | داده‌ها با موفقیت در دیتابیس ذخیره شدند
2025-11-23 17:23:03,156 | [IRTKGANJ] MS(خرید:666, فروش:190) + TSE(قیمت:97850.0)
2025-11-23 17:23:03,156 | انتظار 5 ثانیه...
2025-11-23 17:23:08,162 | 
[2025-11-23 17:23:08] شروع دریافت همزمان داده‌ها...
2025-11-23 17:23:08,534 | داده‌ها با موفقیت در دیتابیس ذخیره شدند
2025-11-23 17:23:08,535 | [IRTKGANJ] MS(خرید:667, فروش:190) + TSE(قیمت:97850.0)
2025-11-23 17:23:08,535 | انتظار 5 ثانیه...
2025-11-23 17:23:13,546 | 
[2025-11-23 17:23:13] شروع دریافت همزمان داده‌ها...
2025-11-23 17:23:13,680 | داده‌ها با موفقیت در دیتابیس ذخیره شدند
2025-11-23 17:23:13,681 | [IRTKGANJ] MS(خرید:667, فروش:190) + TSE(قیمت:97850.0)
2025-11-23 17:23:13,681 | انتظار 5 ثانیه...
2025-11-23 17:23:18,685 | 
[2025-11-23 17:23:18] شروع دریافت همزمان داده‌ها...
2025-11-23 17:23:18,912 | داده‌ها با موفقیت در دیتابیس ذخیره شدند
2025-11-23 17:23:18,912 | [IRTKGANJ] MS(خرید:667, فروش:190) + TSE(قیمت:97850.0)
2025-11-23 17:23:18,912 | انتظار 5 ثانیه...
2025-11-23 17:23:23,915 | 
[2025-11-23 17:23:23] شروع دریافت همزمان داده‌ها...
2025-11-23 17:23:24,020 | داده‌ها با موفقیت در دیتابیس ذخیره شدند
2025-11-23 17:23:24,021 | [IRTKGANJ] MS(خرید:667, فروش:190) + TSE(قیمت:97850.0)
2025-11-23 17:23:24,021 | انتظار 5 ثانیه...
2025-11-23 17:23:29,027 | 
[2025-11-23 17:23:29] شروع دریافت همزمان داده‌ها...
2025-11-23 17:23:29,135 | داده‌ها با موفقیت در دیتابیس ذخیره شدند
2025-11-23 17:23:29,136 | [IRTKGANJ] MS(خرید:667, فروش:190) + TSE(قیمت:97850.0)
2025-11-23 17:23:29,136 | انتظار 5 ثانیه...
2025-11-23 17:23:34,150 | 
[2025-11-23 17:23:34] شروع دریافت همزمان داده‌ها...
2025-11-23 17:23:34,269 | داده‌ها با موفقیت در دیتابیس ذخیره شدند
2025-11-23 17:23:34,270 | [IRTKGANJ] MS(خرید:667, فروش:190) + TSE(قیمت:97850.0)
2025-11-23 17:23:34,270 | انتظار 5 ثانیه...
2025-11-23 17:23:39,271 | 
[2025-11-23 17:23:39] شروع دریافت همزمان داده‌ها...
2025-11-23 17:23:39,438 | داده‌ها با موفقیت در دیتابیس ذخیره شدند
2025-11-23 17:23:39,439 | [IRTKGANJ] MS(خرید:668, فروش:189) + TSE(قیمت:97850.0)
2025-11-23 17:23:39,439 | انتظار 5 ثانیه...
2025-11-23 17:23:44,453 | 
[2025-11-23 17:23:44] شروع دریافت همزمان داده‌ها...
2025-11-23 17:23:44,635 | داده‌ها با موفقیت در دیتابیس ذخیره شدند
2025-11-23 17:23:44,636 | [IRTKGANJ] MS(خرید:668, فروش:189) + TSE(قیمت:97850.0)
2025-11-23 17:23:44,636 | انتظار 5 ثانیه...
2025-11-23 17:23:49,639 | 
[2025-11-23 17:23:49] شروع دریافت همزمان داده‌ها...
2025-11-23 17:23:49,762 | داده‌ها با موفقیت در دیتابیس ذخیره شدند
2025-11-23 17:23:49,763 | [IRTKGANJ] MS(خرید:668, فروش:189) + TSE(قیمت:97850.0)
2025-11-23 17:23:49,763 | انتظار 5 ثانیه...
2025-11-23 17:23:54,765 | 
[2025-11-23 17:23:54] شروع دریافت همزمان داده‌ها...
2025-11-23 17:23:54,936 | داده‌ها با موفقیت در دیتابیس ذخیره شدند
2025-11-23 17:23:54,936 | [IRTKGANJ] MS(خرید:668, فروش:189) + TSE(قیمت:97850.0)
2025-11-23 17:23:54,936 | انتظار 5 ثانیه...
2025-11-23 17:23:59,951 | 
[2025-11-23 17:23:59] شروع دریافت همزمان داده‌ها...
2025-11-23 17:24:00,080 | داده‌ها با موفقیت در دیتابیس ذخیره شدند
2025-11-23 17:24:00,081 | [IRTKGANJ] MS(خرید:668, فروش:189) + TSE(قیمت:97850.0)
2025-11-23 17:24:00,081 | انتظار 5 ثانیه...
2025-11-23 17:24:05,085 | 
[2025-11-23 17:24:05] شروع دریافت همزمان داده‌ها...
2025-11-23 17:24:05,240 | داده‌ها با موفقیت در دیتابیس ذخیره شدند
2025-11-23 17:24:05,240 | [IRTKGANJ] MS(خرید:668, فروش:189) + TSE(قیمت:97850.0)
2025-11-23 17:24:05,241 | انتظار 5 ثانیه...
2025-11-23 17:24:10,250 | 
[2025-11-23 17:24:10] شروع دریافت همزمان داده‌ها...
2025-11-23 17:24:10,468 | داده‌ها با موفقیت در دیتابیس ذخیره شدند
2025-11-23 17:24:10,469 | [IRTKGANJ] MS(خرید:668, فروش:189) + TSE(قیمت:97850.0)
2025-11-23 17:24:10,469 | انتظار 5 ثانیه...
2025-11-23 17:24:15,478 | 
[2025-11-23 17:24:15] شروع دریافت همزمان داده‌ها...
2025-11-23 17:24:15,758 | داده‌ها با موفقیت در دیتابیس ذخیره شدند
2025-11-23 17:24:15,758 | [IRTKGANJ] MS(خرید:668, فروش:189) + TSE(قیمت:97850.0)
2025-11-23 17:24:15,759 | انتظار 5 ثانیه...
2025-11-23 17:24:20,769 | 
[2025-11-23 17:24:20] شروع دریافت همزمان داده‌ها...
2025-11-23 17:24:21,081 | داده‌ها با موفقیت در دیتابیس ذخیره شدند
2025-11-23 17:24:21,082 | [IRTKGANJ] MS(خرید:668, فروش:189) + TSE(قیمت:97850.0)
2025-11-23 17:24:21,082 | انتظار 5 ثانیه...
2025-11-23 17:24:26,098 | 
[2025-11-23 17:24:26] شروع دریافت همزمان داده‌ها...
2025-11-23 17:24:30,225 | داده‌ها با موفقیت در دیتابیس ذخیره شدند
2025-11-23 17:24:30,226 | [IRTKGANJ] MS(خرید:668, فروش:189) + TSE(قیمت:97850.0)
2025-11-23 17:24:30,226 | انتظار 5 ثانیه...
2025-11-23 17:24:35,242 | 
[2025-11-23 17:24:35] شروع دریافت همزمان داده‌ها...
2025-11-23 17:24:35,428 | داده‌ها با موفقیت در دیتابیس ذخیره شدند
2025-11-23 17:24:35,428 | [IRTKGANJ] MS(خرید:668, فروش:189) + TSE(قیمت:97850.0)
2025-11-23 17:24:35,429 | انتظار 5 ثانیه...
2025-11-23 17:24:40,444 | 
[2025-11-23 17:24:40] شروع دریافت همزمان داده‌ها...
2025-11-23 17:24:40,647 | داده‌ها با موفقیت در دیتابیس ذخیره شدند
2025-11-23 17:24:40,648 | [IRTKGANJ] MS(خرید:668, فروش:189) + TSE(قیمت:97850.0)
2025-11-23 17:24:40,648 | انتظار 5 ثانیه...
2025-11-23 17:24:45,659 | 
[2025-11-23 17:24:45] شروع دریافت همزمان داده‌ها...
2025-11-23 17:24:45,816 | داده‌ها با موفقیت در دیتابیس ذخیره شدند
2025-11-23 17:24:45,817 | [IRTKGANJ] MS(خرید:668, فروش:189) + TSE(قیمت:97850.0)
2025-11-23 17:24:45,817 | انتظار 5 ثانیه...
2025-11-23 17:24:50,824 | 
[2025-11-23 17:24:50] شروع دریافت همزمان داده‌ها...
2025-11-23 17:24:50,986 | داده‌ها با موفقیت در دیتابیس ذخیره شدند
2025-11-23 17:24:50,986 | [IRTKGANJ] MS(خرید:669, فروش:188) + TSE(قیمت:97850.0)
2025-11-23 17:24:50,987 | انتظار 5 ثانیه...
2025-11-23 17:24:56,002 | 
[2025-11-23 17:24:56] شروع دریافت همزمان داده‌ها...
2025-11-23 17:24:56,188 | داده‌ها با موفقیت در دیتابیس ذخیره شدند
2025-11-23 17:24:56,188 | [IRTKGANJ] MS(خرید:668, فروش:189) + TSE(قیمت:97850.0)
2025-11-23 17:24:56,188 | انتظار 5 ثانیه...
2025-11-23 17:25:01,192 | 
[2025-11-23 17:25:01] شروع دریافت همزمان داده‌ها...
2025-11-23 17:25:01,405 | داده‌ها با موفقیت در دیتابیس ذخیره شدند
2025-11-23 17:25:01,406 | [IRTKGANJ] MS(خرید:668, فروش:189) + TSE(قیمت:97850.0)
2025-11-23 17:25:01,406 | انتظار 5 ثانیه...
2025-11-23 17:25:06,419 | 
[2025-11-23 17:25:06] شروع دریافت همزمان داده‌ها...
2025-11-23 17:25:06,666 | داده‌ها با موفقیت در دیتابیس ذخیره شدند
2025-11-23 17:25:06,666 | [IRTKGANJ] MS(خرید:669, فروش:188) + TSE(قیمت:97850.0)
2025-11-23 17:25:06,667 | انتظار 5 ثانیه...
2025-11-23 17:25:11,679 | 
[2025-11-23 17:25:11] شروع دریافت همزمان داده‌ها...
2025-11-23 17:25:11,888 | داده‌ها با موفقیت در دیتابیس ذخیره شدند
2025-11-23 17:25:11,888 | [IRTKGANJ] MS(خرید:670, فروش:188) + TSE(قیمت:97850.0)
2025-11-23 17:25:11,889 | انتظار 5 ثانیه...
2025-11-23 17:25:16,904 | 
[2025-11-23 17:25:16] شروع دریافت همزمان داده‌ها...
2025-11-23 17:25:17,124 | داده‌ها با موفقیت در دیتابیس ذخیره شدند
2025-11-23 17:25:17,125 | [IRTKGANJ] MS(خرید:670, فروش:188) + TSE(قیمت:97850.0)
2025-11-23 17:25:17,125 | انتظار 5 ثانیه...
2025-11-23 17:25:22,140 | 
[2025-11-23 17:25:22] شروع دریافت همزمان داده‌ها...
2025-11-23 17:25:22,303 | داده‌ها با موفقیت در دیتابیس ذخیره شدند
2025-11-23 17:25:22,304 | [IRTKGANJ] MS(خرید:670, فروش:188) + TSE(قیمت:97850.0)
2025-11-23 17:25:22,304 | انتظار 5 ثانیه...
2025-11-23 17:25:27,307 | 
[2025-11-23 17:25:27] شروع دریافت همزمان داده‌ها...
2025-11-23 17:25:27,747 | داده‌ها با موفقیت در دیتابیس ذخیره شدند
2025-11-23 17:25:27,747 | [IRTKGANJ] MS(خرید:671, فروش:188) + TSE(قیمت:97850.0)
2025-11-23 17:25:27,747 | انتظار 5 ثانیه...
2025-11-23 17:25:32,756 | 
[2025-11-23 17:25:32] شروع دریافت همزمان داده‌ها...
2025-11-23 17:25:33,017 | داده‌ها با موفقیت در دیتابیس ذخیره شدند
2025-11-23 17:25:33,017 | [IRTKGANJ] MS(خرید:671, فروش:188) + TSE(قیمت:97850.0)
2025-11-23 17:25:33,017 | انتظار 5 ثانیه...
2025-11-23 17:25:38,022 | 
[2025-11-23 17:25:38] شروع دریافت همزمان داده‌ها...
2025-11-23 17:25:38,159 | داده‌ها با موفقیت در دیتابیس ذخیره شدند
2025-11-23 17:25:38,160 | [IRTKGANJ] MS(خرید:671, فروش:188) + TSE(قیمت:97850.0)
2025-11-23 17:25:38,160 | انتظار 5 ثانیه...
2025-11-23 17:25:43,162 | 
[2025-11-23 17:25:43] شروع دریافت همزمان داده‌ها...
2025-11-23 17:25:43,389 | داده‌ها با موفقیت در دیتابیس ذخیره شدند
2025-11-23 17:25:43,390 | [IRTKGANJ] MS(خرید:671, فروش:188) + TSE(قیمت:97850.0)
2025-11-23 17:25:43,390 | انتظار 5 ثانیه...
2025-11-23 17:25:48,400 | 
[2025-11-23 17:25:48] شروع دریافت همزمان داده‌ها...
2025-11-23 17:25:48,542 | داده‌ها با موفقیت در دیتابیس ذخیره شدند
2025-11-23 17:25:48,543 | [IRTKGANJ] MS(خرید:671, فروش:188) + TSE(قیمت:97850.0)
2025-11-23 17:25:48,543 | انتظار 5 ثانیه...
2025-11-23 17:25:53,554 | 
[2025-11-23 17:25:53] شروع دریافت همزمان داده‌ها...
2025-11-23 17:25:53,697 | داده‌ها با موفقیت در دیتابیس ذخیره شدند
2025-11-23 17:25:53,697 | [IRTKGANJ] MS(خرید:671, فروش:188) + TSE(قیمت:97850.0)
2025-11-23 17:25:53,698 | انتظار 5 ثانیه...
2025-11-23 17:25:58,711 | 
[2025-11-23 17:25:58] شروع دریافت همزمان داده‌ها...
2025-11-23 17:25:58,974 | داده‌ها با موفقیت در دیتابیس ذخیره شدند
2025-11-23 17:25:58,975 | [IRTKGANJ] MS(خرید:672, فروش:188) + TSE(قیمت:97850.0)
2025-11-23 17:25:58,975 | انتظار 5 ثانیه...
2025-11-23 17:26:03,983 | 
[2025-11-23 17:26:03] شروع دریافت همزمان داده‌ها...
2025-11-23 17:26:04,110 | داده‌ها با موفقیت در دیتابیس ذخیره شدند
2025-11-23 17:26:04,110 | [IRTKGANJ] MS(خرید:673, فروش:188) + TSE(قیمت:97850.0)
2025-11-23 17:26:04,110 | انتظار 5 ثانیه...
2025-11-23 17:26:09,115 | 
[2025-11-23 17:26:09] شروع دریافت همزمان داده‌ها...
2025-11-23 17:26:09,268 | داده‌ها با موفقیت در دیتابیس ذخیره شدند
2025-11-23 17:26:09,269 | [IRTKGANJ] MS(خرید:673, فروش:188) + TSE(قیمت:97850.0)
2025-11-23 17:26:09,269 | انتظار 5 ثانیه...
2025-11-23 17:26:14,275 | 
[2025-11-23 17:26:14] شروع دریافت همزمان داده‌ها...
2025-11-23 17:26:14,486 | داده‌ها با موفقیت در دیتابیس ذخیره شدند
2025-11-23 17:26:14,486 | [IRTKGANJ] MS(خرید:673, فروش:188) + TSE(قیمت:97850.0)
2025-11-23 17:26:14,487 | انتظار 5 ثانیه...
2025-11-23 17:26:19,502 | 
[2025-11-23 17:26:19] شروع دریافت همزمان داده‌ها...
2025-11-23 17:26:19,651 | داده‌ها با موفقیت در دیتابیس ذخیره شدند
2025-11-23 17:26:19,651 | [IRTKGANJ] MS(خرید:673, فروش:188) + TSE(قیمت:97850.0)
2025-11-23 17:26:19,651 | انتظار 5 ثانیه...
2025-11-23 17:26:24,661 | 
[2025-11-23 17:26:24] شروع دریافت همزمان داده‌ها...
2025-11-23 17:26:24,828 | داده‌ها با موفقیت در دیتابیس ذخیره شدند
2025-11-23 17:26:24,829 | [IRTKGANJ] MS(خرید:672, فروش:188) + TSE(قیمت:97850.0)
2025-11-23 17:26:24,829 | انتظار 5 ثانیه...
2025-11-23 17:26:29,832 | 
[2025-11-23 17:26:29] شروع دریافت همزمان داده‌ها...
2025-11-23 17:26:30,032 | داده‌ها با موفقیت در دیتابیس ذخیره شدند
2025-11-23 17:26:30,033 | [IRTKGANJ] MS(خرید:672, فروش:188) + TSE(قیمت:97850.0)
2025-11-23 17:26:30,033 | انتظار 5 ثانیه...
2025-11-23 17:26:35,048 | 
[2025-11-23 17:26:35] شروع دریافت همزمان داده‌ها...
2025-11-23 17:26:35,373 | داده‌ها با موفقیت در دیتابیس ذخیره شدند
2025-11-23 17:26:35,373 | [IRTKGANJ] MS(خرید:672, فروش:188) + TSE(قیمت:97850.0)
2025-11-23 17:26:35,374 | انتظار 5 ثانیه...
2025-11-23 17:26:40,386 | 
[2025-11-23 17:26:40] شروع دریافت همزمان داده‌ها...
2025-11-23 17:26:40,502 | داده‌ها با موفقیت در دیتابیس ذخیره شدند
2025-11-23 17:26:40,503 | [IRTKGANJ] MS(خرید:672, فروش:188) + TSE(قیمت:97850.0)
2025-11-23 17:26:40,503 | انتظار 5 ثانیه...
2025-11-23 17:26:45,513 | 
[2025-11-23 17:26:45] شروع دریافت همزمان داده‌ها...
2025-11-23 17:26:45,645 | داده‌ها با موفقیت در دیتابیس ذخیره شدند
2025-11-23 17:26:45,645 | [IRTKGANJ] MS(خرید:672, فروش:188) + TSE(قیمت:97850.0)
2025-11-23 17:26:45,646 | انتظار 5 ثانیه...
2025-11-23 17:26:50,649 | 
[2025-11-23 17:26:50] شروع دریافت همزمان داده‌ها...
2025-11-23 17:26:50,905 | داده‌ها با موفقیت در دیتابیس ذخیره شدند
2025-11-23 17:26:50,905 | [IRTKGANJ] MS(خرید:672, فروش:188) + TSE(قیمت:97850.0)
2025-11-23 17:26:50,905 | انتظار 5 ثانیه...
2025-11-23 17:26:55,917 | 
[2025-11-23 17:26:55] شروع دریافت همزمان داده‌ها...
2025-11-23 17:26:56,090 | داده‌ها با موفقیت در دیتابیس ذخیره شدند
2025-11-23 17:26:56,090 | [IRTKGANJ] MS(خرید:672, فروش:188) + TSE(قیمت:97850.0)
2025-11-23 17:26:56,091 | انتظار 5 ثانیه...
2025-11-23 17:27:01,102 | 
[2025-11-23 17:27:01] شروع دریافت همزمان داده‌ها...
2025-11-23 17:27:01,272 | داده‌ها با موفقیت در دیتابیس ذخیره شدند
2025-11-23 17:27:01,272 | [IRTKGANJ] MS(خرید:673, فروش:188) + TSE(قیمت:97850.0)
2025-11-23 17:27:01,273 | انتظار 5 ثانیه...
2025-11-23 17:27:06,287 | 
[2025-11-23 17:27:06] شروع دریافت همزمان داده‌ها...
2025-11-23 17:27:07,799 | داده‌ها با موفقیت در دیتابیس ذخیره شدند
2025-11-23 17:27:07,799 | [IRTKGANJ] MS(خرید:672, فروش:188) + TSE(قیمت:97850.0)
2025-11-23 17:27:07,800 | انتظار 5 ثانیه...
2025-11-23 17:27:12,809 | 
[2025-11-23 17:27:12] شروع دریافت همزمان داده‌ها...
2025-11-23 17:27:12,912 | داده‌ها با موفقیت در دیتابیس ذخیره شدند
2025-11-23 17:27:12,912 | [IRTKGANJ] MS(خرید:672, فروش:188) + TSE(قیمت:97850.0)
2025-11-23 17:27:12,912 | انتظار 5 ثانیه...
2025-11-23 17:27:17,916 | 
[2025-11-23 17:27:17] شروع دریافت همزمان داده‌ها...
2025-11-23 17:27:18,084 | داده‌ها با موفقیت در دیتابیس ذخیره شدند
2025-11-23 17:27:18,084 | [IRTKGANJ] MS(خرید:672, فروش:188) + TSE(قیمت:97850.0)
2025-11-23 17:27:18,084 | انتظار 5 ثانیه...
2025-11-23 17:27:23,092 | 
[2025-11-23 17:27:23] شروع دریافت همزمان داده‌ها...
2025-11-23 17:27:23,308 | داده‌ها با موفقیت در دیتابیس ذخیره شدند
2025-11-23 17:27:23,308 | [IRTKGANJ] MS(خرید:673, فروش:188) + TSE(قیمت:97850.0)
2025-11-23 17:27:23,309 | انتظار 5 ثانیه...
2025-11-23 17:27:28,324 | 
[2025-11-23 17:27:28] شروع دریافت همزمان داده‌ها...
2025-11-23 17:27:28,424 | داده‌ها با موفقیت در دیتابیس ذخیره شدند
2025-11-23 17:27:28,424 | [IRTKGANJ] MS(خرید:672, فروش:188) + TSE(قیمت:97850.0)
2025-11-23 17:27:28,424 | انتظار 5 ثانیه...
2025-11-23 17:27:33,433 | 
[2025-11-23 17:27:33] شروع دریافت همزمان داده‌ها...
2025-11-23 17:27:33,576 | داده‌ها با موفقیت در دیتابیس ذخیره شدند
2025-11-23 17:27:33,577 | [IRTKGANJ] MS(خرید:672, فروش:188) + TSE(قیمت:97850.0)
2025-11-23 17:27:33,577 | انتظار 5 ثانیه...
2025-11-23 17:27:38,579 | 
[2025-11-23 17:27:38] شروع دریافت همزمان داده‌ها...
2025-11-23 17:27:38,806 | داده‌ها با موفقیت در دیتابیس ذخیره شدند
2025-11-23 17:27:38,806 | [IRTKGANJ] MS(خرید:672, فروش:188) + TSE(قیمت:97850.0)
2025-11-23 17:27:38,807 | انتظار 5 ثانیه...
2025-11-23 17:27:43,811 | 
[2025-11-23 17:27:43] شروع دریافت همزمان داده‌ها...
2025-11-23 17:27:43,971 | داده‌ها با موفقیت در دیتابیس ذخیره شدند
2025-11-23 17:27:43,971 | [IRTKGANJ] MS(خرید:673, فروش:188) + TSE(قیمت:97850.0)
2025-11-23 17:27:43,972 | انتظار 5 ثانیه...
2025-11-23 17:27:48,987 | 
[2025-11-23 17:27:48] شروع دریافت همزمان داده‌ها...
2025-11-23 17:27:49,121 | داده‌ها با موفقیت در دیتابیس ذخیره شدند
2025-11-23 17:27:49,122 | [IRTKGANJ] MS(خرید:673, فروش:188) + TSE(قیمت:97850.0)
2025-11-23 17:27:49,122 | انتظار 5 ثانیه...
2025-11-23 17:27:54,138 | 
[2025-11-23 17:27:54] شروع دریافت همزمان داده‌ها...
2025-11-23 17:27:54,301 | داده‌ها با موفقیت در دیتابیس ذخیره شدند
2025-11-23 17:27:54,301 | [IRTKGANJ] MS(خرید:673, فروش:188) + TSE(قیمت:97850.0)
2025-11-23 17:27:54,302 | انتظار 5 ثانیه...
2025-11-23 17:27:59,318 | 
[2025-11-23 17:27:59] شروع دریافت همزمان داده‌ها...
2025-11-23 17:27:59,589 | داده‌ها با موفقیت در دیتابیس ذخیره شدند
2025-11-23 17:27:59,589 | [IRTKGANJ] MS(خرید:673, فروش:188) + TSE(قیمت:97850.0)
2025-11-23 17:27:59,589 | انتظار 5 ثانیه...
2025-11-23 17:28:04,600 | 
[2025-11-23 17:28:04] شروع دریافت همزمان داده‌ها...
2025-11-23 17:28:04,847 | داده‌ها با موفقیت در دیتابیس ذخیره شدند
2025-11-23 17:28:04,847 | [IRTKGANJ] MS(خرید:673, فروش:188) + TSE(قیمت:97850.0)
2025-11-23 17:28:04,847 | انتظار 5 ثانیه...
2025-11-23 17:28:09,854 | 
[2025-11-23 17:28:09] شروع دریافت همزمان داده‌ها...
2025-11-23 17:28:09,986 | داده‌ها با موفقیت در دیتابیس ذخیره شدند
2025-11-23 17:28:09,986 | [IRTKGANJ] MS(خرید:674, فروش:188) + TSE(قیمت:97850.0)
2025-11-23 17:28:09,987 | انتظار 5 ثانیه...
2025-11-23 17:28:14,999 | 
[2025-11-23 17:28:14] شروع دریافت همزمان داده‌ها...
2025-11-23 17:28:15,151 | داده‌ها با موفقیت در دیتابیس ذخیره شدند
2025-11-23 17:28:15,151 | [IRTKGANJ] MS(خرید:674, فروش:188) + TSE(قیمت:97850.0)
2025-11-23 17:28:15,151 | انتظار 5 ثانیه...
2025-11-23 17:28:20,160 | 
[2025-11-23 17:28:20] شروع دریافت همزمان داده‌ها...
2025-11-23 17:28:20,370 | داده‌ها با موفقیت در دیتابیس ذخیره شدند
2025-11-23 17:28:20,370 | [IRTKGANJ] MS(خرید:674, فروش:188) + TSE(قیمت:97850.0)
2025-11-23 17:28:20,370 | انتظار 5 ثانیه...
2025-11-23 17:28:25,380 | 
[2025-11-23 17:28:25] شروع دریافت همزمان داده‌ها...
2025-11-23 17:28:26,870 | داده‌ها با موفقیت در دیتابیس ذخیره شدند
2025-11-23 17:28:26,871 | [IRTKGANJ] MS(خرید:674, فروش:188) + TSE(قیمت:97850.0)
2025-11-23 17:28:26,871 | انتظار 5 ثانیه...
2025-11-23 17:28:31,881 | 
[2025-11-23 17:28:31] شروع دریافت همزمان داده‌ها...
2025-11-23 17:28:32,054 | داده‌ها با موفقیت در دیتابیس ذخیره شدند
2025-11-23 17:28:32,055 | [IRTKGANJ] MS(خرید:674, فروش:188) + TSE(قیمت:97850.0)
2025-11-23 17:28:32,055 | انتظار 5 ثانیه...
2025-11-23 17:28:37,069 | 
[2025-11-23 17:28:37] شروع دریافت همزمان داده‌ها...
2025-11-23 17:28:37,220 | داده‌ها با موفقیت در دیتابیس ذخیره شدند
2025-11-23 17:28:37,220 | [IRTKGANJ] MS(خرید:674, فروش:188) + TSE(قیمت:97850.0)
2025-11-23 17:28:37,221 | انتظار 5 ثانیه...
2025-11-23 17:28:42,226 | 
[2025-11-23 17:28:42] شروع دریافت همزمان داده‌ها...
2025-11-23 17:28:42,393 | داده‌ها با موفقیت در دیتابیس ذخیره شدند
2025-11-23 17:28:42,393 | [IRTKGANJ] MS(خرید:674, فروش:188) + TSE(قیمت:97850.0)
2025-11-23 17:28:42,394 | انتظار 5 ثانیه...
2025-11-23 17:28:47,402 | 
[2025-11-23 17:28:47] شروع دریافت همزمان داده‌ها...
2025-11-23 17:28:47,607 | داده‌ها با موفقیت در دیتابیس ذخیره شدند
2025-11-23 17:28:47,608 | [IRTKGANJ] MS(خرید:674, فروش:188) + TSE(قیمت:97850.0)
2025-11-23 17:28:47,608 | انتظار 5 ثانیه...
2025-11-23 17:28:52,611 | 
[2025-11-23 17:28:52] شروع دریافت همزمان داده‌ها...
2025-11-23 17:28:52,755 | داده‌ها با موفقیت در دیتابیس ذخیره شدند
2025-11-23 17:28:52,756 | [IRTKGANJ] MS(خرید:674, فروش:188) + TSE(قیمت:97850.0)
2025-11-23 17:28:52,756 | انتظار 5 ثانیه...
2025-11-23 17:28:57,764 | 
[2025-11-23 17:28:57] شروع دریافت همزمان داده‌ها...
2025-11-23 17:28:57,996 | داده‌ها با موفقیت در دیتابیس ذخیره شدند
2025-11-23 17:28:57,997 | [IRTKGANJ] MS(خرید:674, فروش:188) + TSE(قیمت:97850.0)
2025-11-23 17:28:57,997 | انتظار 5 ثانیه...
2025-11-23 17:29:03,010 | 
[2025-11-23 17:29:03] شروع دریافت همزمان داده‌ها...
2025-11-23 17:29:03,334 | داده‌ها با موفقیت در دیتابیس ذخیره شدند
2025-11-23 17:29:03,335 | [IRTKGANJ] MS(خرید:674, فروش:188) + TSE(قیمت:97850.0)
2025-11-23 17:29:03,335 | انتظار 5 ثانیه...
2025-11-23 17:29:08,337 | 
[2025-11-23 17:29:08] شروع دریافت همزمان داده‌ها...
2025-11-23 17:29:08,563 | داده‌ها با موفقیت در دیتابیس ذخیره شدند
2025-11-23 17:29:08,564 | [IRTKGANJ] MS(خرید:674, فروش:188) + TSE(قیمت:97850.0)
2025-11-23 17:29:08,564 | انتظار 5 ثانیه...
2025-11-23 17:29:13,570 | 
[2025-11-23 17:29:13] شروع دریافت همزمان داده‌ها...
2025-11-23 17:29:13,842 | داده‌ها با موفقیت در دیتابیس ذخیره شدند
2025-11-23 17:29:13,843 | [IRTKGANJ] MS(خرید:674, فروش:188) + TSE(قیمت:97850.0)
2025-11-23 17:29:13,843 | انتظار 5 ثانیه...
2025-11-23 17:29:18,859 | 
[2025-11-23 17:29:18] شروع دریافت همزمان داده‌ها...
2025-11-23 17:29:18,977 | داده‌ها با موفقیت در دیتابیس ذخیره شدند
2025-11-23 17:29:18,978 | [IRTKGANJ] MS(خرید:674, فروش:188) + TSE(قیمت:97849.0)
2025-11-23 17:29:18,978 | انتظار 5 ثانیه...
2025-11-23 17:29:23,984 | 
[2025-11-23 17:29:23] شروع دریافت همزمان داده‌ها...
2025-11-23 17:29:24,086 | داده‌ها با موفقیت در دیتابیس ذخیره شدند
2025-11-23 17:29:24,086 | [IRTKGANJ] MS(خرید:675, فروش:187) + TSE(قیمت:97849.0)
2025-11-23 17:29:24,086 | انتظار 5 ثانیه...
2025-11-23 17:29:29,093 | 
[2025-11-23 17:29:29] شروع دریافت همزمان داده‌ها...
2025-11-23 17:29:29,385 | داده‌ها با موفقیت در دیتابیس ذخیره شدند
2025-11-23 17:29:29,385 | [IRTKGANJ] MS(خرید:676, فروش:186) + TSE(قیمت:97849.0)
2025-11-23 17:29:29,386 | انتظار 5 ثانیه...
2025-11-23 17:29:34,390 | 
[2025-11-23 17:29:34] شروع دریافت همزمان داده‌ها...
2025-11-23 17:29:34,635 | داده‌ها با موفقیت در دیتابیس ذخیره شدند
2025-11-23 17:29:34,635 | [IRTKGANJ] MS(خرید:676, فروش:186) + TSE(قیمت:97849.0)
2025-11-23 17:29:34,636 | انتظار 5 ثانیه...
2025-11-23 17:29:39,638 | 
[2025-11-23 17:29:39] شروع دریافت همزمان داده‌ها...
2025-11-23 17:29:39,808 | داده‌ها با موفقیت در دیتابیس ذخیره شدند
2025-11-23 17:29:39,808 | [IRTKGANJ] MS(خرید:676, فروش:186) + TSE(قیمت:97849.0)
2025-11-23 17:29:39,808 | انتظار 5 ثانیه...
2025-11-23 17:29:44,823 | 
[2025-11-23 17:29:44] شروع دریافت همزمان داده‌ها...
2025-11-23 17:29:44,968 | داده‌ها با موفقیت در دیتابیس ذخیره شدند
2025-11-23 17:29:44,968 | [IRTKGANJ] MS(خرید:676, فروش:186) + TSE(قیمت:97849.0)
2025-11-23 17:29:44,969 | انتظار 5 ثانیه...
2025-11-23 17:29:49,984 | 
[2025-11-23 17:29:49] شروع دریافت همزمان داده‌ها...
2025-11-23 17:29:50,101 | داده‌ها با موفقیت در دیتابیس ذخیره شدند
2025-11-23 17:29:50,102 | [IRTKGANJ] MS(خرید:676, فروش:186) + TSE(قیمت:97849.0)
2025-11-23 17:29:50,102 | انتظار 5 ثانیه...
2025-11-23 17:29:55,104 | 
[2025-11-23 17:29:55] شروع دریافت همزمان داده‌ها...
2025-11-23 17:29:55,216 | داده‌ها با موفقیت در دیتابیس ذخیره شدند
2025-11-23 17:29:55,217 | [IRTKGANJ] MS(خرید:676, فروش:186) + TSE(قیمت:97849.0)
2025-11-23 17:29:55,217 | انتظار 5 ثانیه...
2025-11-23 17:30:00,218 | 
[2025-11-23 17:30:00] شروع دریافت همزمان داده‌ها...
2025-11-23 17:30:00,409 | داده‌ها با موفقیت در دیتابیس ذخیره شدند
2025-11-23 17:30:00,410 | [IRTKGANJ] MS(خرید:676, فروش:186) + TSE(قیمت:97849.0)
2025-11-23 17:30:00,410 | انتظار 5 ثانیه...
2025-11-23 17:30:05,423 | 
[2025-11-23 17:30:05] شروع دریافت همزمان داده‌ها...
2025-11-23 17:30:05,620 | داده‌ها با موفقیت در دیتابیس ذخیره شدند
2025-11-23 17:30:05,621 | [IRTKGANJ] MS(خرید:676, فروش:186) + TSE(قیمت:97849.0)
2025-11-23 17:30:05,621 | انتظار 5 ثانیه...
2025-11-23 17:30:10,623 | 
[2025-11-23 17:30:10] شروع دریافت همزمان داده‌ها...
2025-11-23 17:30:10,805 | داده‌ها با موفقیت در دیتابیس ذخیره شدند
2025-11-23 17:30:10,805 | [IRTKGANJ] MS(خرید:678, فروش:187) + TSE(قیمت:97849.0)
2025-11-23 17:30:10,806 | انتظار 5 ثانیه...
2025-11-23 17:30:15,810 | 
[2025-11-23 17:30:15] شروع دریافت همزمان داده‌ها...
2025-11-23 17:30:15,994 | داده‌ها با موفقیت در دیتابیس ذخیره شدند
2025-11-23 17:30:15,994 | [IRTKGANJ] MS(خرید:678, فروش:187) + TSE(قیمت:97849.0)
2025-11-23 17:30:15,995 | انتظار 5 ثانیه...
2025-11-23 17:30:20,999 | 
[2025-11-23 17:30:20] شروع دریافت همزمان داده‌ها...
2025-11-23 17:30:21,127 | داده‌ها با موفقیت در دیتابیس ذخیره شدند
2025-11-23 17:30:21,127 | [IRTKGANJ] MS(خرید:678, فروش:187) + TSE(قیمت:97849.0)
2025-11-23 17:30:21,128 | انتظار 5 ثانیه...
2025-11-23 17:30:26,132 | 
[2025-11-23 17:30:26] شروع دریافت همزمان داده‌ها...
2025-11-23 17:30:26,315 | داده‌ها با موفقیت در دیتابیس ذخیره شدند
2025-11-23 17:30:26,316 | [IRTKGANJ] MS(خرید:679, فروش:187) + TSE(قیمت:97849.0)
2025-11-23 17:30:26,316 | انتظار 5 ثانیه...
2025-11-23 17:30:31,331 | 
[2025-11-23 17:30:31] شروع دریافت همزمان داده‌ها...
2025-11-23 17:30:31,460 | داده‌ها با موفقیت در دیتابیس ذخیره شدند
2025-11-23 17:30:31,460 | [IRTKGANJ] MS(خرید:679, فروش:187) + TSE(قیمت:97849.0)
2025-11-23 17:30:31,460 | انتظار 5 ثانیه...
2025-11-23 17:30:36,466 | 
[2025-11-23 17:30:36] شروع دریافت همزمان داده‌ها...
2025-11-23 17:30:36,725 | داده‌ها با موفقیت در دیتابیس ذخیره شدند
2025-11-23 17:30:36,725 | [IRTKGANJ] MS(خرید:679, فروش:187) + TSE(قیمت:97849.0)
2025-11-23 17:30:36,726 | انتظار 5 ثانیه...
2025-11-23 17:30:41,739 | 
[2025-11-23 17:30:41] شروع دریافت همزمان داده‌ها...
2025-11-23 17:30:41,872 | داده‌ها با موفقیت در دیتابیس ذخیره شدند
2025-11-23 17:30:41,872 | [IRTKGANJ] MS(خرید:681, فروش:187) + TSE(قیمت:97849.0)
2025-11-23 17:30:41,873 | انتظار 5 ثانیه...
2025-11-23 17:30:46,877 | 
[2025-11-23 17:30:46] شروع دریافت همزمان داده‌ها...
2025-11-23 17:30:47,074 | داده‌ها با موفقیت در دیتابیس ذخیره شدند
2025-11-23 17:30:47,075 | [IRTKGANJ] MS(خرید:681, فروش:187) + TSE(قیمت:97849.0)
2025-11-23 17:30:47,075 | انتظار 5 ثانیه...
2025-11-23 17:30:52,088 | 
[2025-11-23 17:30:52] شروع دریافت همزمان داده‌ها...
2025-11-23 17:30:52,243 | داده‌ها با موفقیت در دیتابیس ذخیره شدند
2025-11-23 17:30:52,243 | [IRTKGANJ] MS(خرید:682, فروش:187) + TSE(قیمت:97849.0)
2025-11-23 17:30:52,244 | انتظار 5 ثانیه...
2025-11-23 17:30:57,253 | 
[2025-11-23 17:30:57] شروع دریافت همزمان داده‌ها...
2025-11-23 17:30:57,447 | داده‌ها با موفقیت در دیتابیس ذخیره شدند
2025-11-23 17:30:57,447 | [IRTKGANJ] MS(خرید:682, فروش:187) + TSE(قیمت:97849.0)
2025-11-23 17:30:57,448 | انتظار 5 ثانیه...
2025-11-23 17:31:02,452 | 
[2025-11-23 17:31:02] شروع دریافت همزمان داده‌ها...
2025-11-23 17:31:02,682 | داده‌ها با موفقیت در دیتابیس ذخیره شدند
2025-11-23 17:31:02,683 | [IRTKGANJ] MS(خرید:682, فروش:187) + TSE(قیمت:97849.0)
2025-11-23 17:31:02,683 | انتظار 5 ثانیه...
2025-11-23 17:31:07,696 | 
[2025-11-23 17:31:07] شروع دریافت همزمان داده‌ها...
2025-11-23 17:31:07,836 | داده‌ها با موفقیت در دیتابیس ذخیره شدند
2025-11-23 17:31:07,836 | [IRTKGANJ] MS(خرید:682, فروش:187) + TSE(قیمت:97849.0)
2025-11-23 17:31:07,836 | انتظار 5 ثانیه...
2025-11-23 17:31:12,842 | 
[2025-11-23 17:31:12] شروع دریافت همزمان داده‌ها...
2025-11-23 17:31:13,056 | داده‌ها با موفقیت در دیتابیس ذخیره شدند
2025-11-23 17:31:13,057 | [IRTKGANJ] MS(خرید:681, فروش:187) + TSE(قیمت:97849.0)
2025-11-23 17:31:13,057 | انتظار 5 ثانیه...
2025-11-23 17:31:18,064 | 
[2025-11-23 17:31:18] شروع دریافت همزمان داده‌ها...
2025-11-23 17:31:18,258 | داده‌ها با موفقیت در دیتابیس ذخیره شدند
2025-11-23 17:31:18,259 | [IRTKGANJ] MS(خرید:681, فروش:187) + TSE(قیمت:97849.0)
2025-11-23 17:31:18,259 | انتظار 5 ثانیه...
2025-11-23 17:31:23,275 | 
[2025-11-23 17:31:23] شروع دریافت همزمان داده‌ها...
2025-11-23 17:31:23,494 | داده‌ها با موفقیت در دیتابیس ذخیره شدند
2025-11-23 17:31:23,495 | [IRTKGANJ] MS(خرید:682, فروش:187) + TSE(قیمت:97849.0)
2025-11-23 17:31:23,495 | انتظار 5 ثانیه...
2025-11-23 17:31:28,501 | 
[2025-11-23 17:31:28] شروع دریافت همزمان داده‌ها...
2025-11-23 17:31:28,776 | داده‌ها با موفقیت در دیتابیس ذخیره شدند
2025-11-23 17:31:28,776 | [IRTKGANJ] MS(خرید:683, فروش:187) + TSE(قیمت:97849.0)
2025-11-23 17:31:28,777 | انتظار 5 ثانیه...
2025-11-23 17:31:33,789 | 
[2025-11-23 17:31:33] شروع دریافت همزمان داده‌ها...
2025-11-23 17:31:33,870 | داده‌ها با موفقیت در دیتابیس ذخیره شدند
2025-11-23 17:31:33,870 | [IRTKGANJ] MS(خرید:682, فروش:188) + TSE(قیمت:97849.0)
2025-11-23 17:31:33,870 | انتظار 5 ثانیه...
2025-11-23 17:31:38,882 | 
[2025-11-23 17:31:38] شروع دریافت همزمان داده‌ها...
2025-11-23 17:31:39,052 | داده‌ها با موفقیت در دیتابیس ذخیره شدند
2025-11-23 17:31:39,052 | [IRTKGANJ] MS(خرید:683, فروش:188) + TSE(قیمت:97849.0)
2025-11-23 17:31:39,052 | انتظار 5 ثانیه...
2025-11-23 17:31:44,063 | 
[2025-11-23 17:31:44] شروع دریافت همزمان داده‌ها...
2025-11-23 17:31:44,224 | داده‌ها با موفقیت در دیتابیس ذخیره شدند
2025-11-23 17:31:44,224 | [IRTKGANJ] MS(خرید:683, فروش:188) + TSE(قیمت:97849.0)
2025-11-23 17:31:44,225 | انتظار 5 ثانیه...
2025-11-23 17:31:49,235 | 
[2025-11-23 17:31:49] شروع دریافت همزمان داده‌ها...
2025-11-23 17:31:49,370 | داده‌ها با موفقیت در دیتابیس ذخیره شدند
2025-11-23 17:31:49,370 | [IRTKGANJ] MS(خرید:683, فروش:188) + TSE(قیمت:97849.0)
2025-11-23 17:31:49,370 | انتظار 5 ثانیه...
2025-11-23 17:31:54,371 | 
[2025-11-23 17:31:54] شروع دریافت همزمان داده‌ها...
2025-11-23 17:31:54,461 | داده‌ها با موفقیت در دیتابیس ذخیره شدند
2025-11-23 17:31:54,462 | [IRTKGANJ] MS(خرید:683, فروش:188) + TSE(قیمت:97849.0)
2025-11-23 17:31:54,462 | انتظار 5 ثانیه...
2025-11-23 17:31:59,468 | 
[2025-11-23 17:31:59] شروع دریافت همزمان داده‌ها...
2025-11-23 17:31:59,785 | داده‌ها با موفقیت در دیتابیس ذخیره شدند
2025-11-23 17:31:59,785 | [IRTKGANJ] MS(خرید:683, فروش:188) + TSE(قیمت:97849.0)
2025-11-23 17:31:59,785 | انتظار 5 ثانیه...
2025-11-23 17:32:04,795 | 
[2025-11-23 17:32:04] شروع دریافت همزمان داده‌ها...
2025-11-23 17:32:04,912 | داده‌ها با موفقیت در دیتابیس ذخیره شدند
2025-11-23 17:32:04,912 | [IRTKGANJ] MS(خرید:683, فروش:188) + TSE(قیمت:97849.0)
2025-11-23 17:32:04,912 | انتظار 5 ثانیه...
2025-11-23 17:32:09,924 | 
[2025-11-23 17:32:09] شروع دریافت همزمان داده‌ها...
2025-11-23 17:32:10,159 | داده‌ها با موفقیت در دیتابیس ذخیره شدند
2025-11-23 17:32:10,160 | [IRTKGANJ] MS(خرید:683, فروش:188) + TSE(قیمت:97849.0)
2025-11-23 17:32:10,160 | انتظار 5 ثانیه...
2025-11-23 17:32:15,165 | 
[2025-11-23 17:32:15] شروع دریافت همزمان داده‌ها...
2025-11-23 17:32:15,286 | داده‌ها با موفقیت در دیتابیس ذخیره شدند
2025-11-23 17:32:15,286 | [IRTKGANJ] MS(خرید:682, فروش:189) + TSE(قیمت:97849.0)
2025-11-23 17:32:15,287 | انتظار 5 ثانیه...
2025-11-23 17:32:20,293 | 
[2025-11-23 17:32:20] شروع دریافت همزمان داده‌ها...
2025-11-23 17:32:20,433 | داده‌ها با موفقیت در دیتابیس ذخیره شدند
2025-11-23 17:32:20,433 | [IRTKGANJ] MS(خرید:682, فروش:189) + TSE(قیمت:97849.0)
2025-11-23 17:32:20,434 | انتظار 5 ثانیه...
2025-11-23 17:32:25,445 | 
[2025-11-23 17:32:25] شروع دریافت همزمان داده‌ها...
2025-11-23 17:32:25,625 | داده‌ها با موفقیت در دیتابیس ذخیره شدند
2025-11-23 17:32:25,625 | [IRTKGANJ] MS(خرید:682, فروش:189) + TSE(قیمت:97849.0)
2025-11-23 17:32:25,626 | انتظار 5 ثانیه...
2025-11-23 17:32:30,634 | 
[2025-11-23 17:32:30] شروع دریافت همزمان داده‌ها...
2025-11-23 17:32:30,846 | داده‌ها با موفقیت در دیتابیس ذخیره شدند
2025-11-23 17:32:30,846 | [IRTKGANJ] MS(خرید:684, فروش:188) + TSE(قیمت:97849.0)
2025-11-23 17:32:30,846 | انتظار 5 ثانیه...
2025-11-23 17:32:35,853 | 
[2025-11-23 17:32:35] شروع دریافت همزمان داده‌ها...
2025-11-23 17:32:35,935 | داده‌ها با موفقیت در دیتابیس ذخیره شدند
2025-11-23 17:32:35,935 | [IRTKGANJ] MS(خرید:683, فروش:189) + TSE(قیمت:97849.0)
2025-11-23 17:32:35,936 | انتظار 5 ثانیه...
2025-11-23 17:32:40,943 | 
[2025-11-23 17:32:40] شروع دریافت همزمان داده‌ها...
2025-11-23 17:32:41,120 | داده‌ها با موفقیت در دیتابیس ذخیره شدند
2025-11-23 17:32:41,120 | [IRTKGANJ] MS(خرید:682, فروش:189) + TSE(قیمت:97849.0)
2025-11-23 17:32:41,120 | انتظار 5 ثانیه...
2025-11-23 17:32:46,127 | 
[2025-11-23 17:32:46] شروع دریافت همزمان داده‌ها...
2025-11-23 17:32:46,302 | داده‌ها با موفقیت در دیتابیس ذخیره شدند
2025-11-23 17:32:46,302 | [IRTKGANJ] MS(خرید:682, فروش:189) + TSE(قیمت:97849.0)
2025-11-23 17:32:46,303 | انتظار 5 ثانیه...
2025-11-23 17:32:51,317 | 
[2025-11-23 17:32:51] شروع دریافت همزمان داده‌ها...
2025-11-23 17:32:51,434 | داده‌ها با موفقیت در دیتابیس ذخیره شدند
2025-11-23 17:32:51,434 | [IRTKGANJ] MS(خرید:682, فروش:189) + TSE(قیمت:97849.0)
2025-11-23 17:32:51,435 | انتظار 5 ثانیه...
2025-11-23 17:32:56,446 | 
[2025-11-23 17:32:56] شروع دریافت همزمان داده‌ها...
2025-11-23 17:32:56,629 | داده‌ها با موفقیت در دیتابیس ذخیره شدند
2025-11-23 17:32:56,629 | [IRTKGANJ] MS(خرید:682, فروش:189) + TSE(قیمت:97849.0)
2025-11-23 17:32:56,630 | انتظار 5 ثانیه...
2025-11-23 17:33:01,643 | 
[2025-11-23 17:33:01] شروع دریافت همزمان داده‌ها...
2025-11-23 17:33:01,825 | داده‌ها با موفقیت در دیتابیس ذخیره شدند
2025-11-23 17:33:01,826 | [IRTKGANJ] MS(خرید:683, فروش:188) + TSE(قیمت:97849.0)
2025-11-23 17:33:01,826 | انتظار 5 ثانیه...
2025-11-23 17:33:06,836 | 
[2025-11-23 17:33:06] شروع دریافت همزمان داده‌ها...
2025-11-23 17:33:07,080 | داده‌ها با موفقیت در دیتابیس ذخیره شدند
2025-11-23 17:33:07,080 | [IRTKGANJ] MS(خرید:683, فروش:188) + TSE(قیمت:97849.0)
2025-11-23 17:33:07,081 | انتظار 5 ثانیه...
2025-11-23 17:33:12,088 | 
[2025-11-23 17:33:12] شروع دریافت همزمان داده‌ها...
2025-11-23 17:33:12,206 | داده‌ها با موفقیت در دیتابیس ذخیره شدند
2025-11-23 17:33:12,206 | [IRTKGANJ] MS(خرید:683, فروش:188) + TSE(قیمت:97849.0)
2025-11-23 17:33:12,207 | انتظار 5 ثانیه...
2025-11-23 17:33:17,208 | 
[2025-11-23 17:33:17] شروع دریافت همزمان داده‌ها...
2025-11-23 17:33:17,389 | داده‌ها با موفقیت در دیتابیس ذخیره شدند
2025-11-23 17:33:17,389 | [IRTKGANJ] MS(خرید:683, فروش:188) + TSE(قیمت:97849.0)
2025-11-23 17:33:17,390 | انتظار 5 ثانیه...
2025-11-23 17:33:22,402 | 
[2025-11-23 17:33:22] شروع دریافت همزمان داده‌ها...
2025-11-23 17:33:22,602 | داده‌ها با موفقیت در دیتابیس ذخیره شدند
2025-11-23 17:33:22,603 | [IRTKGANJ] MS(خرید:683, فروش:188) + TSE(قیمت:97849.0)
2025-11-23 17:33:22,603 | انتظار 5 ثانیه...
2025-11-23 17:33:27,606 | 
[2025-11-23 17:33:27] شروع دریافت همزمان داده‌ها...
2025-11-23 17:33:27,749 | داده‌ها با موفقیت در دیتابیس ذخیره شدند
2025-11-23 17:33:27,749 | [IRTKGANJ] MS(خرید:684, فروش:188) + TSE(قیمت:97849.0)
2025-11-23 17:33:27,749 | انتظار 5 ثانیه...
2025-11-23 17:33:32,755 | 
[2025-11-23 17:33:32] شروع دریافت همزمان داده‌ها...
2025-11-23 17:33:32,873 | داده‌ها با موفقیت در دیتابیس ذخیره شدند
2025-11-23 17:33:32,874 | [IRTKGANJ] MS(خرید:685, فروش:188) + TSE(قیمت:97849.0)
2025-11-23 17:33:32,874 | انتظار 5 ثانیه...
2025-11-23 17:33:37,880 | 
[2025-11-23 17:33:37] شروع دریافت همزمان داده‌ها...
2025-11-23 17:33:38,038 | داده‌ها با موفقیت در دیتابیس ذخیره شدند
2025-11-23 17:33:38,039 | [IRTKGANJ] MS(خرید:685, فروش:188) + TSE(قیمت:97849.0)
2025-11-23 17:33:38,039 | انتظار 5 ثانیه...
2025-11-23 17:33:43,050 | 
[2025-11-23 17:33:43] شروع دریافت همزمان داده‌ها...
2025-11-23 17:33:43,212 | داده‌ها با موفقیت در دیتابیس ذخیره شدند
2025-11-23 17:33:43,212 | [IRTKGANJ] MS(خرید:687, فروش:187) + TSE(قیمت:97849.0)
2025-11-23 17:33:43,213 | انتظار 5 ثانیه...
2025-11-23 17:33:48,227 | 
[2025-11-23 17:33:48] شروع دریافت همزمان داده‌ها...
2025-11-23 17:33:50,649 | داده‌ها با موفقیت در دیتابیس ذخیره شدند
2025-11-23 17:33:50,650 | [IRTKGANJ] MS(خرید:687, فروش:188) + TSE(قیمت:97849.0)
2025-11-23 17:33:50,650 | انتظار 5 ثانیه...
2025-11-23 17:33:55,654 | 
[2025-11-23 17:33:55] شروع دریافت همزمان داده‌ها...
2025-11-23 17:33:55,808 | داده‌ها با موفقیت در دیتابیس ذخیره شدند
2025-11-23 17:33:55,809 | [IRTKGANJ] MS(خرید:687, فروش:187) + TSE(قیمت:97849.0)
2025-11-23 17:33:55,809 | انتظار 5 ثانیه...
2025-11-23 17:34:00,819 | 
[2025-11-23 17:34:00] شروع دریافت همزمان داده‌ها...
2025-11-23 17:34:01,034 | داده‌ها با موفقیت در دیتابیس ذخیره شدند
2025-11-23 17:34:01,034 | [IRTKGANJ] MS(خرید:688, فروش:187) + TSE(قیمت:97849.0)
2025-11-23 17:34:01,035 | انتظار 5 ثانیه...
2025-11-23 17:34:06,041 | 
[2025-11-23 17:34:06] شروع دریافت همزمان داده‌ها...
2025-11-23 17:34:06,223 | داده‌ها با موفقیت در دیتابیس ذخیره شدند
2025-11-23 17:34:06,223 | [IRTKGANJ] MS(خرید:690, فروش:186) + TSE(قیمت:97849.0)
2025-11-23 17:34:06,223 | انتظار 5 ثانیه...
2025-11-23 17:34:11,229 | 
[2025-11-23 17:34:11] شروع دریافت همزمان داده‌ها...
2025-11-23 17:34:11,381 | داده‌ها با موفقیت در دیتابیس ذخیره شدند
2025-11-23 17:34:11,382 | [IRTKGANJ] MS(خرید:691, فروش:186) + TSE(قیمت:97849.0)
2025-11-23 17:34:11,382 | انتظار 5 ثانیه...
2025-11-23 17:34:16,395 | 
[2025-11-23 17:34:16] شروع دریافت همزمان داده‌ها...
2025-11-23 17:34:16,493 | داده‌ها با موفقیت در دیتابیس ذخیره شدند
2025-11-23 17:34:16,494 | [IRTKGANJ] MS(خرید:691, فروش:186) + TSE(قیمت:97849.0)
2025-11-23 17:34:16,494 | انتظار 5 ثانیه...
2025-11-23 17:34:21,495 | 
[2025-11-23 17:34:21] شروع دریافت همزمان داده‌ها...
2025-11-23 17:34:21,704 | داده‌ها با موفقیت در دیتابیس ذخیره شدند
2025-11-23 17:34:21,705 | [IRTKGANJ] MS(خرید:690, فروش:186) + TSE(قیمت:97849.0)
2025-11-23 17:34:21,705 | انتظار 5 ثانیه...
2025-11-23 17:34:26,708 | 
[2025-11-23 17:34:26] شروع دریافت همزمان داده‌ها...
2025-11-23 17:34:26,812 | داده‌ها با موفقیت در دیتابیس ذخیره شدند
2025-11-23 17:34:26,812 | [IRTKGANJ] MS(خرید:690, فروش:186) + TSE(قیمت:97849.0)
2025-11-23 17:34:26,812 | انتظار 5 ثانیه...
2025-11-23 17:34:31,821 | 
[2025-11-23 17:34:31] شروع دریافت همزمان داده‌ها...
2025-11-23 17:34:31,993 | داده‌ها با موفقیت در دیتابیس ذخیره شدند
2025-11-23 17:34:31,993 | [IRTKGANJ] MS(خرید:690, فروش:186) + TSE(قیمت:97849.0)
2025-11-23 17:34:31,994 | انتظار 5 ثانیه...
2025-11-23 17:34:37,006 | 
[2025-11-23 17:34:37] شروع دریافت همزمان داده‌ها...
2025-11-23 17:34:37,236 | داده‌ها با موفقیت در دیتابیس ذخیره شدند
2025-11-23 17:34:37,236 | [IRTKGANJ] MS(خرید:691, فروش:186) + TSE(قیمت:97849.0)
2025-11-23 17:34:37,237 | انتظار 5 ثانیه...
2025-11-23 17:34:42,244 | 
[2025-11-23 17:34:42] شروع دریافت همزمان داده‌ها...
2025-11-23 17:34:42,529 | داده‌ها با موفقیت در دیتابیس ذخیره شدند
2025-11-23 17:34:42,530 | [IRTKGANJ] MS(خرید:691, فروش:186) + TSE(قیمت:97849.0)
2025-11-23 17:34:42,530 | انتظار 5 ثانیه...
2025-11-23 17:34:47,543 | 
[2025-11-23 17:34:47] شروع دریافت همزمان داده‌ها...
2025-11-23 17:34:47,730 | داده‌ها با موفقیت در دیتابیس ذخیره شدند
2025-11-23 17:34:47,731 | [IRTKGANJ] MS(خرید:692, فروش:186) + TSE(قیمت:97849.0)
2025-11-23 17:34:47,731 | انتظار 5 ثانیه...
2025-11-23 17:34:52,746 | 
[2025-11-23 17:34:52] شروع دریافت همزمان داده‌ها...
2025-11-23 17:34:52,877 | داده‌ها با موفقیت در دیتابیس ذخیره شدند
2025-11-23 17:34:52,877 | [IRTKGANJ] MS(خرید:692, فروش:187) + TSE(قیمت:97849.0)
2025-11-23 17:34:52,877 | انتظار 5 ثانیه...
2025-11-23 17:34:57,879 | 
[2025-11-23 17:34:57] شروع دریافت همزمان داده‌ها...
2025-11-23 17:34:57,999 | داده‌ها با موفقیت در دیتابیس ذخیره شدند
2025-11-23 17:34:58,000 | [IRTKGANJ] MS(خرید:692, فروش:187) + TSE(قیمت:97849.0)
2025-11-23 17:34:58,000 | انتظار 5 ثانیه...
2025-11-23 17:35:03,006 | 
[2025-11-23 17:35:03] شروع دریافت همزمان داده‌ها...
2025-11-23 17:35:03,237 | داده‌ها با موفقیت در دیتابیس ذخیره شدند
2025-11-23 17:35:03,237 | [IRTKGANJ] MS(خرید:692, فروش:187) + TSE(قیمت:97849.0)
2025-11-23 17:35:03,238 | انتظار 5 ثانیه...
2025-11-23 17:35:08,252 | 
[2025-11-23 17:35:08] شروع دریافت همزمان داده‌ها...
2025-11-23 17:35:08,410 | داده‌ها با موفقیت در دیتابیس ذخیره شدند
2025-11-23 17:35:08,410 | [IRTKGANJ] MS(خرید:693, فروش:187) + TSE(قیمت:97849.0)
2025-11-23 17:35:08,411 | انتظار 5 ثانیه...
2025-11-23 17:35:13,415 | 
[2025-11-23 17:35:13] شروع دریافت همزمان داده‌ها...
2025-11-23 17:35:13,571 | داده‌ها با موفقیت در دیتابیس ذخیره شدند
2025-11-23 17:35:13,572 | [IRTKGANJ] MS(خرید:694, فروش:186) + TSE(قیمت:97849.0)
2025-11-23 17:35:13,572 | انتظار 5 ثانیه...
2025-11-23 17:35:18,588 | 
[2025-11-23 17:35:18] شروع دریافت همزمان داده‌ها...
2025-11-23 17:35:18,724 | داده‌ها با موفقیت در دیتابیس ذخیره شدند
2025-11-23 17:35:18,724 | [IRTKGANJ] MS(خرید:694, فروش:186) + TSE(قیمت:97849.0)
2025-11-23 17:35:18,724 | انتظار 5 ثانیه...
2025-11-23 17:35:23,734 | 
[2025-11-23 17:35:23] شروع دریافت همزمان داده‌ها...
2025-11-23 17:35:23,845 | داده‌ها با موفقیت در دیتابیس ذخیره شدند
2025-11-23 17:35:23,846 | [IRTKGANJ] MS(خرید:694, فروش:186) + TSE(قیمت:97849.0)
2025-11-23 17:35:23,846 | انتظار 5 ثانیه...
2025-11-23 17:35:28,850 | 
[2025-11-23 17:35:28] شروع دریافت همزمان داده‌ها...
2025-11-23 17:35:29,304 | داده‌ها با موفقیت در دیتابیس ذخیره شدند
2025-11-23 17:35:29,305 | [IRTKGANJ] MS(خرید:695, فروش:186) + TSE(قیمت:97849.0)
2025-11-23 17:35:29,305 | انتظار 5 ثانیه...
2025-11-23 17:35:34,306 | 
[2025-11-23 17:35:34] شروع دریافت همزمان داده‌ها...
2025-11-23 17:35:34,422 | داده‌ها با موفقیت در دیتابیس ذخیره شدند
2025-11-23 17:35:34,422 | [IRTKGANJ] MS(خرید:695, فروش:186) + TSE(قیمت:97849.0)
2025-11-23 17:35:34,423 | انتظار 5 ثانیه...
2025-11-23 17:35:39,429 | 
[2025-11-23 17:35:39] شروع دریافت همزمان داده‌ها...
2025-11-23 17:35:39,659 | داده‌ها با موفقیت در دیتابیس ذخیره شدند
2025-11-23 17:35:39,660 | [IRTKGANJ] MS(خرید:694, فروش:187) + TSE(قیمت:97849.0)
2025-11-23 17:35:39,660 | انتظار 5 ثانیه...
2025-11-23 17:35:44,673 | 
[2025-11-23 17:35:44] شروع دریافت همزمان داده‌ها...
2025-11-23 17:35:44,808 | داده‌ها با موفقیت در دیتابیس ذخیره شدند
2025-11-23 17:35:44,808 | [IRTKGANJ] MS(خرید:694, فروش:187) + TSE(قیمت:97849.0)
2025-11-23 17:35:44,808 | انتظار 5 ثانیه...
2025-11-23 17:35:49,814 | 
[2025-11-23 17:35:49] شروع دریافت همزمان داده‌ها...
2025-11-23 17:35:50,056 | داده‌ها با موفقیت در دیتابیس ذخیره شدند
2025-11-23 17:35:50,057 | [IRTKGANJ] MS(خرید:694, فروش:185) + TSE(قیمت:97849.0)
2025-11-23 17:35:50,057 | انتظار 5 ثانیه...
2025-11-23 17:35:55,069 | 
[2025-11-23 17:35:55] شروع دریافت همزمان داده‌ها...
2025-11-23 17:35:55,258 | داده‌ها با موفقیت در دیتابیس ذخیره شدند
2025-11-23 17:35:55,258 | [IRTKGANJ] MS(خرید:694, فروش:185) + TSE(قیمت:97849.0)
2025-11-23 17:35:55,258 | انتظار 5 ثانیه...
2025-11-23 17:36:00,273 | 
[2025-11-23 17:36:00] شروع دریافت همزمان داده‌ها...
2025-11-23 17:36:00,422 | داده‌ها با موفقیت در دیتابیس ذخیره شدند
2025-11-23 17:36:00,422 | [IRTKGANJ] MS(خرید:694, فروش:184) + TSE(قیمت:97849.0)
2025-11-23 17:36:00,422 | انتظار 5 ثانیه...
2025-11-23 17:36:05,429 | 
[2025-11-23 17:36:05] شروع دریافت همزمان داده‌ها...
2025-11-23 17:36:05,536 | داده‌ها با موفقیت در دیتابیس ذخیره شدند
2025-11-23 17:36:05,536 | [IRTKGANJ] MS(خرید:694, فروش:183) + TSE(قیمت:97849.0)
2025-11-23 17:36:05,537 | انتظار 5 ثانیه...
2025-11-23 17:36:10,552 | 
[2025-11-23 17:36:10] شروع دریافت همزمان داده‌ها...
2025-11-23 17:36:10,758 | داده‌ها با موفقیت در دیتابیس ذخیره شدند
2025-11-23 17:36:10,758 | [IRTKGANJ] MS(خرید:694, فروش:183) + TSE(قیمت:97849.0)
2025-11-23 17:36:10,758 | انتظار 5 ثانیه...
2025-11-23 17:36:15,772 | 
[2025-11-23 17:36:15] شروع دریافت همزمان داده‌ها...
2025-11-23 17:36:15,845 | داده‌ها با موفقیت در دیتابیس ذخیره شدند
2025-11-23 17:36:15,845 | [IRTKGANJ] MS(خرید:694, فروش:183) + TSE(قیمت:97849.0)
2025-11-23 17:36:15,845 | انتظار 5 ثانیه...
2025-11-23 17:36:20,851 | 
[2025-11-23 17:36:20] شروع دریافت همزمان داده‌ها...
2025-11-23 17:36:20,976 | داده‌ها با موفقیت در دیتابیس ذخیره شدند
2025-11-23 17:36:20,976 | [IRTKGANJ] MS(خرید:694, فروش:184) + TSE(قیمت:97849.0)
2025-11-23 17:36:20,976 | انتظار 5 ثانیه...
2025-11-23 17:36:25,988 | 
[2025-11-23 17:36:25] شروع دریافت همزمان داده‌ها...
2025-11-23 17:36:26,172 | داده‌ها با موفقیت در دیتابیس ذخیره شدند
2025-11-23 17:36:26,173 | [IRTKGANJ] MS(خرید:694, فروش:184) + TSE(قیمت:97849.0)
2025-11-23 17:36:26,173 | انتظار 5 ثانیه...
2025-11-23 17:36:31,183 | 
[2025-11-23 17:36:31] شروع دریافت همزمان داده‌ها...
2025-11-23 17:36:31,394 | داده‌ها با موفقیت در دیتابیس ذخیره شدند
2025-11-23 17:36:31,394 | [IRTKGANJ] MS(خرید:695, فروش:184) + TSE(قیمت:97849.0)
2025-11-23 17:36:31,394 | انتظار 5 ثانیه...
2025-11-23 17:36:36,406 | 
[2025-11-23 17:36:36] شروع دریافت همزمان داده‌ها...
2025-11-23 17:36:36,561 | داده‌ها با موفقیت در دیتابیس ذخیره شدند
2025-11-23 17:36:36,562 | [IRTKGANJ] MS(خرید:697, فروش:184) + TSE(قیمت:97849.0)
2025-11-23 17:36:36,562 | انتظار 5 ثانیه...
2025-11-23 17:36:41,572 | 
[2025-11-23 17:36:41] شروع دریافت همزمان داده‌ها...
2025-11-23 17:36:41,704 | داده‌ها با موفقیت در دیتابیس ذخیره شدند
2025-11-23 17:36:41,705 | [IRTKGANJ] MS(خرید:696, فروش:184) + TSE(قیمت:97849.0)
2025-11-23 17:36:41,705 | انتظار 5 ثانیه...
2025-11-23 17:36:46,708 | 
[2025-11-23 17:36:46] شروع دریافت همزمان داده‌ها...
2025-11-23 17:36:46,885 | داده‌ها با موفقیت در دیتابیس ذخیره شدند
2025-11-23 17:36:46,886 | [IRTKGANJ] MS(خرید:696, فروش:184) + TSE(قیمت:97849.0)
2025-11-23 17:36:46,886 | انتظار 5 ثانیه...
2025-11-23 17:36:51,888 | 
[2025-11-23 17:36:51] شروع دریافت همزمان داده‌ها...
2025-11-23 17:36:53,335 | داده‌ها با موفقیت در دیتابیس ذخیره شدند
2025-11-23 17:36:53,335 | [IRTKGANJ] MS(خرید:696, فروش:184) + TSE(قیمت:97849.0)
2025-11-23 17:36:53,335 | انتظار 5 ثانیه...
2025-11-23 17:36:58,352 | 
[2025-11-23 17:36:58] شروع دریافت همزمان داده‌ها...
2025-11-23 17:36:58,580 | داده‌ها با موفقیت در دیتابیس ذخیره شدند
2025-11-23 17:36:58,580 | [IRTKGANJ] MS(خرید:697, فروش:183) + TSE(قیمت:97849.0)
2025-11-23 17:36:58,581 | انتظار 5 ثانیه...
2025-11-23 17:37:03,596 | 
[2025-11-23 17:37:03] شروع دریافت همزمان داده‌ها...
2025-11-23 17:37:03,949 | داده‌ها با موفقیت در دیتابیس ذخیره شدند
2025-11-23 17:37:03,949 | [IRTKGANJ] MS(خرید:696, فروش:183) + TSE(قیمت:97849.0)
2025-11-23 17:37:03,949 | انتظار 5 ثانیه...
2025-11-23 17:37:08,963 | 
[2025-11-23 17:37:08] شروع دریافت همزمان داده‌ها...
2025-11-23 17:37:09,059 | داده‌ها با موفقیت در دیتابیس ذخیره شدند
2025-11-23 17:37:09,059 | [IRTKGANJ] MS(خرید:696, فروش:183) + TSE(قیمت:97849.0)
2025-11-23 17:37:09,059 | انتظار 5 ثانیه...
2025-11-23 17:37:14,076 | 
[2025-11-23 17:37:14] شروع دریافت همزمان داده‌ها...
2025-11-23 17:37:14,173 | داده‌ها با موفقیت در دیتابیس ذخیره شدند
2025-11-23 17:37:14,174 | [IRTKGANJ] MS(خرید:696, فروش:183) + TSE(قیمت:97849.0)
2025-11-23 17:37:14,174 | انتظار 5 ثانیه...
2025-11-23 17:37:19,178 | 
[2025-11-23 17:37:19] شروع دریافت همزمان داده‌ها...
2025-11-23 17:37:19,332 | داده‌ها با موفقیت در دیتابیس ذخیره شدند
2025-11-23 17:37:19,332 | [IRTKGANJ] MS(خرید:697, فروش:182) + TSE(قیمت:97849.0)
2025-11-23 17:37:19,332 | انتظار 5 ثانیه...
2025-11-23 17:37:24,336 | 
[2025-11-23 17:37:24] شروع دریافت همزمان داده‌ها...
2025-11-23 17:37:24,474 | داده‌ها با موفقیت در دیتابیس ذخیره شدند
2025-11-23 17:37:24,475 | [IRTKGANJ] MS(خرید:697, فروش:182) + TSE(قیمت:97849.0)
2025-11-23 17:37:24,475 | انتظار 5 ثانیه...
2025-11-23 17:37:29,490 | 
[2025-11-23 17:37:29] شروع دریافت همزمان داده‌ها...
2025-11-23 17:37:29,618 | داده‌ها با موفقیت در دیتابیس ذخیره شدند
2025-11-23 17:37:29,619 | [IRTKGANJ] MS(خرید:697, فروش:182) + TSE(قیمت:97849.0)
2025-11-23 17:37:29,619 | انتظار 5 ثانیه...
2025-11-23 17:37:34,620 | 
[2025-11-23 17:37:34] شروع دریافت همزمان داده‌ها...
2025-11-23 17:37:34,924 | داده‌ها با موفقیت در دیتابیس ذخیره شدند
2025-11-23 17:37:34,925 | [IRTKGANJ] MS(خرید:697, فروش:182) + TSE(قیمت:97849.0)
2025-11-23 17:37:34,925 | انتظار 5 ثانیه...
2025-11-23 17:37:39,941 | 
[2025-11-23 17:37:39] شروع دریافت همزمان داده‌ها...
2025-11-23 17:37:40,033 | داده‌ها با موفقیت در دیتابیس ذخیره شدند
2025-11-23 17:37:40,033 | [IRTKGANJ] MS(خرید:697, فروش:182) + TSE(قیمت:97849.0)
2025-11-23 17:37:40,033 | انتظار 5 ثانیه...
2025-11-23 17:37:45,044 | 
[2025-11-23 17:37:45] شروع دریافت همزمان داده‌ها...
2025-11-23 17:37:45,184 | داده‌ها با موفقیت در دیتابیس ذخیره شدند
2025-11-23 17:37:45,184 | [IRTKGANJ] MS(خرید:698, فروش:181) + TSE(قیمت:97849.0)
2025-11-23 17:37:45,185 | انتظار 5 ثانیه...
2025-11-23 17:37:50,197 | 
[2025-11-23 17:37:50] شروع دریافت همزمان داده‌ها...
2025-11-23 17:37:50,360 | داده‌ها با موفقیت در دیتابیس ذخیره شدند
2025-11-23 17:37:50,361 | [IRTKGANJ] MS(خرید:698, فروش:181) + TSE(قیمت:97849.0)
2025-11-23 17:37:50,361 | انتظار 5 ثانیه...
2025-11-23 17:37:55,366 | 
[2025-11-23 17:37:55] شروع دریافت همزمان داده‌ها...
2025-11-23 17:37:55,464 | داده‌ها با موفقیت در دیتابیس ذخیره شدند
2025-11-23 17:37:55,464 | [IRTKGANJ] MS(خرید:698, فروش:181) + TSE(قیمت:97849.0)
2025-11-23 17:37:55,464 | انتظار 5 ثانیه...
2025-11-23 17:38:00,470 | 
[2025-11-23 17:38:00] شروع دریافت همزمان داده‌ها...
2025-11-23 17:38:00,587 | داده‌ها با موفقیت در دیتابیس ذخیره شدند
2025-11-23 17:38:00,587 | [IRTKGANJ] MS(خرید:699, فروش:181) + TSE(قیمت:97849.0)
2025-11-23 17:38:00,587 | انتظار 5 ثانیه...
2025-11-23 17:38:05,593 | 
[2025-11-23 17:38:05] شروع دریافت همزمان داده‌ها...
2025-11-23 17:38:05,857 | داده‌ها با موفقیت در دیتابیس ذخیره شدند
2025-11-23 17:38:05,857 | [IRTKGANJ] MS(خرید:700, فروش:181) + TSE(قیمت:97849.0)
2025-11-23 17:38:05,858 | انتظار 5 ثانیه...
2025-11-23 17:38:10,865 | 
[2025-11-23 17:38:10] شروع دریافت همزمان داده‌ها...
2025-11-23 17:38:12,182 | داده‌ها با موفقیت در دیتابیس ذخیره شدند
2025-11-23 17:38:12,182 | [IRTKGANJ] MS(خرید:701, فروش:182) + TSE(قیمت:97849.0)
2025-11-23 17:38:12,182 | انتظار 5 ثانیه...
2025-11-23 17:38:17,188 | 
[2025-11-23 17:38:17] شروع دریافت همزمان داده‌ها...
2025-11-23 17:38:17,317 | داده‌ها با موفقیت در دیتابیس ذخیره شدند
2025-11-23 17:38:17,317 | [IRTKGANJ] MS(خرید:701, فروش:182) + TSE(قیمت:97849.0)
2025-11-23 17:38:17,318 | انتظار 5 ثانیه...
2025-11-23 17:38:22,323 | 
[2025-11-23 17:38:22] شروع دریافت همزمان داده‌ها...
2025-11-23 17:38:22,443 | داده‌ها با موفقیت در دیتابیس ذخیره شدند
2025-11-23 17:38:22,444 | [IRTKGANJ] MS(خرید:701, فروش:182) + TSE(قیمت:97849.0)
2025-11-23 17:38:22,444 | انتظار 5 ثانیه...
2025-11-23 17:38:27,445 | 
[2025-11-23 17:38:27] شروع دریافت همزمان داده‌ها...
2025-11-23 17:38:27,533 | داده‌ها با موفقیت در دیتابیس ذخیره شدند
2025-11-23 17:38:27,534 | [IRTKGANJ] MS(خرید:701, فروش:182) + TSE(قیمت:97849.0)
2025-11-23 17:38:27,534 | انتظار 5 ثانیه...
2025-11-23 17:38:32,549 | 
[2025-11-23 17:38:32] شروع دریافت همزمان داده‌ها...
2025-11-23 17:38:33,009 | داده‌ها با موفقیت در دیتابیس ذخیره شدند
2025-11-23 17:38:33,010 | [IRTKGANJ] MS(خرید:701, فروش:182) + TSE(قیمت:97849.0)
2025-11-23 17:38:33,010 | انتظار 5 ثانیه...
2025-11-23 17:38:38,017 | 
[2025-11-23 17:38:38] شروع دریافت همزمان داده‌ها...
2025-11-23 17:38:38,159 | داده‌ها با موفقیت در دیتابیس ذخیره شدند
2025-11-23 17:38:38,159 | [IRTKGANJ] MS(خرید:701, فروش:182) + TSE(قیمت:97849.0)
2025-11-23 17:38:38,159 | انتظار 5 ثانیه...
2025-11-23 17:38:43,166 | 
[2025-11-23 17:38:43] شروع دریافت همزمان داده‌ها...
2025-11-23 17:38:43,388 | داده‌ها با موفقیت در دیتابیس ذخیره شدند
2025-11-23 17:38:43,389 | [IRTKGANJ] MS(خرید:701, فروش:182) + TSE(قیمت:97849.0)
2025-11-23 17:38:43,389 | انتظار 5 ثانیه...
2025-11-23 17:38:48,397 | 
[2025-11-23 17:38:48] شروع دریافت همزمان داده‌ها...
2025-11-23 17:38:48,541 | داده‌ها با موفقیت در دیتابیس ذخیره شدند
2025-11-23 17:38:48,542 | [IRTKGANJ] MS(خرید:701, فروش:182) + TSE(قیمت:97849.0)
2025-11-23 17:38:48,542 | انتظار 5 ثانیه...
2025-11-23 17:38:53,549 | 
[2025-11-23 17:38:53] شروع دریافت همزمان داده‌ها...
2025-11-23 17:38:53,841 | داده‌ها با موفقیت در دیتابیس ذخیره شدند
2025-11-23 17:38:53,842 | [IRTKGANJ] MS(خرید:702, فروش:181) + TSE(قیمت:97849.0)
2025-11-23 17:38:53,842 | انتظار 5 ثانیه...
2025-11-23 17:38:58,844 | 
[2025-11-23 17:38:58] شروع دریافت همزمان داده‌ها...
2025-11-23 17:38:58,992 | داده‌ها با موفقیت در دیتابیس ذخیره شدند
2025-11-23 17:38:58,993 | [IRTKGANJ] MS(خرید:702, فروش:181) + TSE(قیمت:97849.0)
2025-11-23 17:38:58,993 | انتظار 5 ثانیه...
2025-11-23 17:39:03,997 | 
[2025-11-23 17:39:03] شروع دریافت همزمان داده‌ها...
2025-11-23 17:39:04,120 | داده‌ها با موفقیت در دیتابیس ذخیره شدند
2025-11-23 17:39:04,121 | [IRTKGANJ] MS(خرید:702, فروش:181) + TSE(قیمت:97849.0)
2025-11-23 17:39:04,121 | انتظار 5 ثانیه...
2025-11-23 17:39:09,123 | 
[2025-11-23 17:39:09] شروع دریافت همزمان داده‌ها...
2025-11-23 17:39:09,370 | داده‌ها با موفقیت در دیتابیس ذخیره شدند
2025-11-23 17:39:09,371 | [IRTKGANJ] MS(خرید:702, فروش:181) + TSE(قیمت:97849.0)
2025-11-23 17:39:09,371 | انتظار 5 ثانیه...
2025-11-23 17:39:14,379 | 
[2025-11-23 17:39:14] شروع دریافت همزمان داده‌ها...
2025-11-23 17:39:14,509 | داده‌ها با موفقیت در دیتابیس ذخیره شدند
2025-11-23 17:39:14,509 | [IRTKGANJ] MS(خرید:702, فروش:181) + TSE(قیمت:97849.0)
2025-11-23 17:39:14,510 | انتظار 5 ثانیه...
2025-11-23 17:39:19,524 | 
[2025-11-23 17:39:19] شروع دریافت همزمان داده‌ها...
2025-11-23 17:39:19,718 | داده‌ها با موفقیت در دیتابیس ذخیره شدند
2025-11-23 17:39:19,719 | [IRTKGANJ] MS(خرید:702, فروش:181) + TSE(قیمت:97849.0)
2025-11-23 17:39:19,719 | انتظار 5 ثانیه...
2025-11-23 17:39:24,727 | 
[2025-11-23 17:39:24] شروع دریافت همزمان داده‌ها...
2025-11-23 17:39:25,194 | داده‌ها با موفقیت در دیتابیس ذخیره شدند
2025-11-23 17:39:25,195 | [IRTKGANJ] MS(خرید:702, فروش:181) + TSE(قیمت:97849.0)
2025-11-23 17:39:25,195 | انتظار 5 ثانیه...
2025-11-23 17:39:30,207 | 
[2025-11-23 17:39:30] شروع دریافت همزمان داده‌ها...
2025-11-23 17:39:30,386 | داده‌ها با موفقیت در دیتابیس ذخیره شدند
2025-11-23 17:39:30,386 | [IRTKGANJ] MS(خرید:702, فروش:181) + TSE(قیمت:97849.0)
2025-11-23 17:39:30,387 | انتظار 5 ثانیه...
2025-11-23 17:39:35,388 | 
[2025-11-23 17:39:35] شروع دریافت همزمان داده‌ها...
2025-11-23 17:39:35,641 | داده‌ها با موفقیت در دیتابیس ذخیره شدند
2025-11-23 17:39:35,642 | [IRTKGANJ] MS(خرید:702, فروش:181) + TSE(قیمت:97849.0)
2025-11-23 17:39:35,642 | انتظار 5 ثانیه...
2025-11-23 17:39:40,645 | 
[2025-11-23 17:39:40] شروع دریافت همزمان داده‌ها...
2025-11-23 17:39:40,837 | داده‌ها با موفقیت در دیتابیس ذخیره شدند
2025-11-23 17:39:40,838 | [IRTKGANJ] MS(خرید:702, فروش:181) + TSE(قیمت:97849.0)
2025-11-23 17:39:40,838 | انتظار 5 ثانیه...
2025-11-23 17:39:45,844 | 
[2025-11-23 17:39:45] شروع دریافت همزمان داده‌ها...
2025-11-23 17:39:45,994 | داده‌ها با موفقیت در دیتابیس ذخیره شدند
2025-11-23 17:39:45,995 | [IRTKGANJ] MS(خرید:702, فروش:181) + TSE(قیمت:97849.0)
2025-11-23 17:39:45,995 | انتظار 5 ثانیه...
2025-11-23 17:39:51,008 | 
[2025-11-23 17:39:51] شروع دریافت همزمان داده‌ها...
2025-11-23 17:39:51,207 | داده‌ها با موفقیت در دیتابیس ذخیره شدند
2025-11-23 17:39:51,207 | [IRTKGANJ] MS(خرید:702, فروش:180) + TSE(قیمت:97849.0)
2025-11-23 17:39:51,208 | انتظار 5 ثانیه...
2025-11-23 17:39:56,218 | 
[2025-11-23 17:39:56] شروع دریافت همزمان داده‌ها...
2025-11-23 17:39:56,331 | داده‌ها با موفقیت در دیتابیس ذخیره شدند
2025-11-23 17:39:56,332 | [IRTKGANJ] MS(خرید:701, فروش:180) + TSE(قیمت:97849.0)
2025-11-23 17:39:56,332 | انتظار 5 ثانیه...
2025-11-23 17:40:01,347 | 
[2025-11-23 17:40:01] شروع دریافت همزمان داده‌ها...
2025-11-23 17:40:01,455 | داده‌ها با موفقیت در دیتابیس ذخیره شدند
2025-11-23 17:40:01,455 | [IRTKGANJ] MS(خرید:701, فروش:181) + TSE(قیمت:97849.0)
2025-11-23 17:40:01,456 | انتظار 5 ثانیه...
2025-11-23 17:40:06,458 | 
[2025-11-23 17:40:06] شروع دریافت همزمان داده‌ها...
2025-11-23 17:40:06,626 | داده‌ها با موفقیت در دیتابیس ذخیره شدند
2025-11-23 17:40:06,626 | [IRTKGANJ] MS(خرید:702, فروش:181) + TSE(قیمت:97849.0)
2025-11-23 17:40:06,627 | انتظار 5 ثانیه...
2025-11-23 17:40:11,630 | 
[2025-11-23 17:40:11] شروع دریافت همزمان داده‌ها...
2025-11-23 17:40:11,780 | داده‌ها با موفقیت در دیتابیس ذخیره شدند
2025-11-23 17:40:11,780 | [IRTKGANJ] MS(خرید:702, فروش:182) + TSE(قیمت:97849.0)
2025-11-23 17:40:11,781 | انتظار 5 ثانیه...
2025-11-23 17:40:16,783 | 
[2025-11-23 17:40:16] شروع دریافت همزمان داده‌ها...
2025-11-23 17:40:16,931 | داده‌ها با موفقیت در دیتابیس ذخیره شدند
2025-11-23 17:40:16,932 | [IRTKGANJ] MS(خرید:702, فروش:182) + TSE(قیمت:97849.0)
2025-11-23 17:40:16,932 | انتظار 5 ثانیه...
2025-11-23 17:40:21,944 | 
[2025-11-23 17:40:21] شروع دریافت همزمان داده‌ها...
2025-11-23 17:40:22,080 | داده‌ها با موفقیت در دیتابیس ذخیره شدند
2025-11-23 17:40:22,080 | [IRTKGANJ] MS(خرید:702, فروش:182) + TSE(قیمت:97849.0)
2025-11-23 17:40:22,080 | انتظار 5 ثانیه...
2025-11-23 17:40:27,086 | 
[2025-11-23 17:40:27] شروع دریافت همزمان داده‌ها...
2025-11-23 17:40:27,236 | داده‌ها با موفقیت در دیتابیس ذخیره شدند
2025-11-23 17:40:27,237 | [IRTKGANJ] MS(خرید:702, فروش:182) + TSE(قیمت:97849.0)
2025-11-23 17:40:27,237 | انتظار 5 ثانیه...
2025-11-23 17:40:32,250 | 
[2025-11-23 17:40:32] شروع دریافت همزمان داده‌ها...
2025-11-23 17:40:32,406 | داده‌ها با موفقیت در دیتابیس ذخیره شدند
2025-11-23 17:40:32,407 | [IRTKGANJ] MS(خرید:702, فروش:182) + TSE(قیمت:97849.0)
2025-11-23 17:40:32,407 | انتظار 5 ثانیه...
2025-11-23 17:40:37,409 | 
[2025-11-23 17:40:37] شروع دریافت همزمان داده‌ها...
2025-11-23 17:40:37,612 | داده‌ها با موفقیت در دیتابیس ذخیره شدند
2025-11-23 17:40:37,613 | [IRTKGANJ] MS(خرید:702, فروش:182) + TSE(قیمت:97849.0)
2025-11-23 17:40:37,613 | انتظار 5 ثانیه...
2025-11-23 17:40:42,615 | 
[2025-11-23 17:40:42] شروع دریافت همزمان داده‌ها...
2025-11-23 17:40:42,762 | داده‌ها با موفقیت در دیتابیس ذخیره شدند
2025-11-23 17:40:42,762 | [IRTKGANJ] MS(خرید:702, فروش:182) + TSE(قیمت:97849.0)
2025-11-23 17:40:42,762 | انتظار 5 ثانیه...
2025-11-23 17:40:47,775 | 
[2025-11-23 17:40:47] شروع دریافت همزمان داده‌ها...
2025-11-23 17:40:47,933 | داده‌ها با موفقیت در دیتابیس ذخیره شدند
2025-11-23 17:40:47,933 | [IRTKGANJ] MS(خرید:702, فروش:182) + TSE(قیمت:97849.0)
2025-11-23 17:40:47,933 | انتظار 5 ثانیه...
2025-11-23 17:40:52,935 | 
[2025-11-23 17:40:52] شروع دریافت همزمان داده‌ها...
2025-11-23 17:40:53,081 | داده‌ها با موفقیت در دیتابیس ذخیره شدند
2025-11-23 17:40:53,082 | [IRTKGANJ] MS(خرید:702, فروش:182) + TSE(قیمت:97849.0)
2025-11-23 17:40:53,082 | انتظار 5 ثانیه...
2025-11-23 17:40:58,088 | 
[2025-11-23 17:40:58] شروع دریافت همزمان داده‌ها...
2025-11-23 17:40:58,280 | داده‌ها با موفقیت در دیتابیس ذخیره شدند
2025-11-23 17:40:58,280 | [IRTKGANJ] MS(خرید:703, فروش:183) + TSE(قیمت:97849.0)
2025-11-23 17:40:58,280 | انتظار 5 ثانیه...
2025-11-23 17:41:03,295 | 
[2025-11-23 17:41:03] شروع دریافت همزمان داده‌ها...
2025-11-23 17:41:03,496 | داده‌ها با موفقیت در دیتابیس ذخیره شدند
2025-11-23 17:41:03,497 | [IRTKGANJ] MS(خرید:703, فروش:183) + TSE(قیمت:97849.0)
2025-11-23 17:41:03,497 | انتظار 5 ثانیه...
2025-11-23 17:41:08,502 | 
[2025-11-23 17:41:08] شروع دریافت همزمان داده‌ها...
2025-11-23 17:41:08,803 | داده‌ها با موفقیت در دیتابیس ذخیره شدند
2025-11-23 17:41:08,804 | [IRTKGANJ] MS(خرید:704, فروش:183) + TSE(قیمت:97849.0)
2025-11-23 17:41:08,804 | انتظار 5 ثانیه...
2025-11-23 17:41:13,816 | 
[2025-11-23 17:41:13] شروع دریافت همزمان داده‌ها...
2025-11-23 17:41:14,014 | داده‌ها با موفقیت در دیتابیس ذخیره شدند
2025-11-23 17:41:14,014 | [IRTKGANJ] MS(خرید:705, فروش:183) + TSE(قیمت:97849.0)
2025-11-23 17:41:14,014 | انتظار 5 ثانیه...
2025-11-23 17:41:19,026 | 
[2025-11-23 17:41:19] شروع دریافت همزمان داده‌ها...
2025-11-23 17:41:19,160 | داده‌ها با موفقیت در دیتابیس ذخیره شدند
2025-11-23 17:41:19,160 | [IRTKGANJ] MS(خرید:706, فروش:183) + TSE(قیمت:97849.0)
2025-11-23 17:41:19,161 | انتظار 5 ثانیه...
2025-11-23 17:41:24,162 | 
[2025-11-23 17:41:24] شروع دریافت همزمان داده‌ها...
2025-11-23 17:41:24,379 | داده‌ها با موفقیت در دیتابیس ذخیره شدند
2025-11-23 17:41:24,379 | [IRTKGANJ] MS(خرید:707, فروش:182) + TSE(قیمت:97849.0)
2025-11-23 17:41:24,379 | انتظار 5 ثانیه...
2025-11-23 17:41:29,385 | 
[2025-11-23 17:41:29] شروع دریافت همزمان داده‌ها...
2025-11-23 17:41:29,489 | داده‌ها با موفقیت در دیتابیس ذخیره شدند
2025-11-23 17:41:29,489 | [IRTKGANJ] MS(خرید:707, فروش:182) + TSE(قیمت:97849.0)
2025-11-23 17:41:29,490 | انتظار 5 ثانیه...
2025-11-23 17:41:34,497 | 
[2025-11-23 17:41:34] شروع دریافت همزمان داده‌ها...
2025-11-23 17:41:34,929 | داده‌ها با موفقیت در دیتابیس ذخیره شدند
2025-11-23 17:41:34,929 | [IRTKGANJ] MS(خرید:706, فروش:183) + TSE(قیمت:97849.0)
2025-11-23 17:41:34,930 | انتظار 5 ثانیه...
2025-11-23 17:41:39,945 | 
[2025-11-23 17:41:39] شروع دریافت همزمان داده‌ها...
2025-11-23 17:41:40,082 | داده‌ها با موفقیت در دیتابیس ذخیره شدند
2025-11-23 17:41:40,083 | [IRTKGANJ] MS(خرید:705, فروش:183) + TSE(قیمت:97849.0)
2025-11-23 17:41:40,083 | انتظار 5 ثانیه...
2025-11-23 17:41:45,085 | 
[2025-11-23 17:41:45] شروع دریافت همزمان داده‌ها...
2025-11-23 17:41:45,236 | داده‌ها با موفقیت در دیتابیس ذخیره شدند
2025-11-23 17:41:45,237 | [IRTKGANJ] MS(خرید:705, فروش:183) + TSE(قیمت:97849.0)
2025-11-23 17:41:45,237 | انتظار 5 ثانیه...
2025-11-23 17:41:50,239 | 
[2025-11-23 17:41:50] شروع دریافت همزمان داده‌ها...
2025-11-23 17:41:50,452 | داده‌ها با موفقیت در دیتابیس ذخیره شدند
2025-11-23 17:41:50,452 | [IRTKGANJ] MS(خرید:705, فروش:183) + TSE(قیمت:97849.0)
2025-11-23 17:41:50,453 | انتظار 5 ثانیه...
2025-11-23 17:41:55,465 | 
[2025-11-23 17:41:55] شروع دریافت همزمان داده‌ها...
2025-11-23 17:41:55,635 | داده‌ها با موفقیت در دیتابیس ذخیره شدند
2025-11-23 17:41:55,636 | [IRTKGANJ] MS(خرید:705, فروش:183) + TSE(قیمت:97849.0)
2025-11-23 17:41:55,636 | انتظار 5 ثانیه...
2025-11-23 17:42:00,647 | 
[2025-11-23 17:42:00] شروع دریافت همزمان داده‌ها...
2025-11-23 17:42:00,826 | داده‌ها با موفقیت در دیتابیس ذخیره شدند
2025-11-23 17:42:00,827 | [IRTKGANJ] MS(خرید:705, فروش:184) + TSE(قیمت:97849.0)
2025-11-23 17:42:00,827 | انتظار 5 ثانیه...
2025-11-23 17:42:05,839 | 
[2025-11-23 17:42:05] شروع دریافت همزمان داده‌ها...
2025-11-23 17:42:07,469 | داده‌ها با موفقیت در دیتابیس ذخیره شدند
2025-11-23 17:42:07,469 | [IRTKGANJ] MS(خرید:705, فروش:184) + TSE(قیمت:97849.0)
2025-11-23 17:42:07,470 | انتظار 5 ثانیه...
2025-11-23 17:42:12,471 | 
[2025-11-23 17:42:12] شروع دریافت همزمان داده‌ها...
2025-11-23 17:42:12,627 | داده‌ها با موفقیت در دیتابیس ذخیره شدند
2025-11-23 17:42:12,628 | [IRTKGANJ] MS(خرید:705, فروش:184) + TSE(قیمت:97849.0)
2025-11-23 17:42:12,628 | انتظار 5 ثانیه...
2025-11-23 17:42:17,631 | 
[2025-11-23 17:42:17] شروع دریافت همزمان داده‌ها...
2025-11-23 17:42:17,894 | داده‌ها با موفقیت در دیتابیس ذخیره شدند
2025-11-23 17:42:17,894 | [IRTKGANJ] MS(خرید:705, فروش:183) + TSE(قیمت:97849.0)
2025-11-23 17:42:17,894 | انتظار 5 ثانیه...
2025-11-23 17:42:22,903 | 
[2025-11-23 17:42:22] شروع دریافت همزمان داده‌ها...
2025-11-23 17:42:23,024 | داده‌ها با موفقیت در دیتابیس ذخیره شدند
2025-11-23 17:42:23,025 | [IRTKGANJ] MS(خرید:702, فروش:184) + TSE(قیمت:97849.0)
2025-11-23 17:42:23,025 | انتظار 5 ثانیه...
2025-11-23 17:42:28,028 | 
[2025-11-23 17:42:28] شروع دریافت همزمان داده‌ها...
2025-11-23 17:42:28,147 | داده‌ها با موفقیت در دیتابیس ذخیره شدند
2025-11-23 17:42:28,147 | [IRTKGANJ] MS(خرید:702, فروش:184) + TSE(قیمت:97849.0)
2025-11-23 17:42:28,147 | انتظار 5 ثانیه...
2025-11-23 17:42:33,153 | 
[2025-11-23 17:42:33] شروع دریافت همزمان داده‌ها...
2025-11-23 17:42:33,263 | داده‌ها با موفقیت در دیتابیس ذخیره شدند
2025-11-23 17:42:33,263 | [IRTKGANJ] MS(خرید:702, فروش:184) + TSE(قیمت:97849.0)
2025-11-23 17:42:33,263 | انتظار 5 ثانیه...
2025-11-23 17:42:38,273 | 
[2025-11-23 17:42:38] شروع دریافت همزمان داده‌ها...
2025-11-23 17:42:38,588 | داده‌ها با موفقیت در دیتابیس ذخیره شدند
2025-11-23 17:42:38,589 | [IRTKGANJ] MS(خرید:703, فروش:184) + TSE(قیمت:97849.0)
2025-11-23 17:42:38,589 | انتظار 5 ثانیه...
2025-11-23 17:42:43,597 | 
[2025-11-23 17:42:43] شروع دریافت همزمان داده‌ها...
2025-11-23 17:42:43,850 | داده‌ها با موفقیت در دیتابیس ذخیره شدند
2025-11-23 17:42:43,851 | [IRTKGANJ] MS(خرید:703, فروش:184) + TSE(قیمت:97849.0)
2025-11-23 17:42:43,851 | انتظار 5 ثانیه...
2025-11-23 17:42:48,855 | 
[2025-11-23 17:42:48] شروع دریافت همزمان داده‌ها...
2025-11-23 17:42:49,021 | داده‌ها با موفقیت در دیتابیس ذخیره شدند
2025-11-23 17:42:49,021 | [IRTKGANJ] MS(خرید:704, فروش:184) + TSE(قیمت:97849.0)
2025-11-23 17:42:49,022 | انتظار 5 ثانیه...
2025-11-23 17:42:54,033 | 
[2025-11-23 17:42:54] شروع دریافت همزمان داده‌ها...
2025-11-23 17:42:54,159 | داده‌ها با موفقیت در دیتابیس ذخیره شدند
2025-11-23 17:42:54,159 | [IRTKGANJ] MS(خرید:691, فروش:184) + TSE(قیمت:97849.0)
2025-11-23 17:42:54,159 | انتظار 5 ثانیه...
2025-11-23 17:42:59,167 | 
[2025-11-23 17:42:59] شروع دریافت همزمان داده‌ها...
2025-11-23 17:42:59,292 | داده‌ها با موفقیت در دیتابیس ذخیره شدند
2025-11-23 17:42:59,292 | [IRTKGANJ] MS(خرید:691, فروش:184) + TSE(قیمت:97848.0)
2025-11-23 17:42:59,293 | انتظار 5 ثانیه...
2025-11-23 17:43:04,295 | 
[2025-11-23 17:43:04] شروع دریافت همزمان داده‌ها...
2025-11-23 17:43:04,417 | داده‌ها با موفقیت در دیتابیس ذخیره شدند
2025-11-23 17:43:04,418 | [IRTKGANJ] MS(خرید:691, فروش:185) + TSE(قیمت:97848.0)
2025-11-23 17:43:04,418 | انتظار 5 ثانیه...
2025-11-23 17:43:09,429 | 
[2025-11-23 17:43:09] شروع دریافت همزمان داده‌ها...
2025-11-23 17:43:09,554 | داده‌ها با موفقیت در دیتابیس ذخیره شدند
2025-11-23 17:43:09,554 | [IRTKGANJ] MS(خرید:668, فروش:185) + TSE(قیمت:97848.0)
2025-11-23 17:43:09,555 | انتظار 5 ثانیه...
2025-11-23 17:43:14,562 | 
[2025-11-23 17:43:14] شروع دریافت همزمان داده‌ها...
2025-11-23 17:43:14,718 | داده‌ها با موفقیت در دیتابیس ذخیره شدند
2025-11-23 17:43:14,719 | [IRTKGANJ] MS(خرید:668, فروش:186) + TSE(قیمت:97848.0)
2025-11-23 17:43:14,719 | انتظار 5 ثانیه...
2025-11-23 17:43:19,724 | 
[2025-11-23 17:43:19] شروع دریافت همزمان داده‌ها...
2025-11-23 17:43:19,844 | داده‌ها با موفقیت در دیتابیس ذخیره شدند
2025-11-23 17:43:19,845 | [IRTKGANJ] MS(خرید:668, فروش:186) + TSE(قیمت:97848.0)
2025-11-23 17:43:19,845 | انتظار 5 ثانیه...
2025-11-23 17:43:24,848 | 
[2025-11-23 17:43:24] شروع دریافت همزمان داده‌ها...
2025-11-23 17:43:24,961 | داده‌ها با موفقیت در دیتابیس ذخیره شدند
2025-11-23 17:43:24,962 | [IRTKGANJ] MS(خرید:667, فروش:186) + TSE(قیمت:97848.0)
2025-11-23 17:43:24,962 | انتظار 5 ثانیه...
2025-11-23 17:43:29,978 | 
[2025-11-23 17:43:29] شروع دریافت همزمان داده‌ها...
2025-11-23 17:43:30,094 | داده‌ها با موفقیت در دیتابیس ذخیره شدند
2025-11-23 17:43:30,094 | [IRTKGANJ] MS(خرید:667, فروش:186) + TSE(قیمت:97848.0)
2025-11-23 17:43:30,094 | انتظار 5 ثانیه...
2025-11-23 17:43:35,108 | 
[2025-11-23 17:43:35] شروع دریافت همزمان داده‌ها...
2025-11-23 17:43:35,197 | داده‌ها با موفقیت در دیتابیس ذخیره شدند
2025-11-23 17:43:35,197 | [IRTKGANJ] MS(خرید:668, فروش:186) + TSE(قیمت:97848.0)
2025-11-23 17:43:35,197 | انتظار 5 ثانیه...
2025-11-23 17:43:40,208 | 
[2025-11-23 17:43:40] شروع دریافت همزمان داده‌ها...
2025-11-23 17:43:40,418 | داده‌ها با موفقیت در دیتابیس ذخیره شدند
2025-11-23 17:43:40,419 | [IRTKGANJ] MS(خرید:668, فروش:186) + TSE(قیمت:97848.0)
2025-11-23 17:43:40,419 | انتظار 5 ثانیه...
2025-11-23 17:43:45,424 | 
[2025-11-23 17:43:45] شروع دریافت همزمان داده‌ها...
2025-11-23 17:43:45,571 | داده‌ها با موفقیت در دیتابیس ذخیره شدند
2025-11-23 17:43:45,572 | [IRTKGANJ] MS(خرید:668, فروش:185) + TSE(قیمت:97848.0)
2025-11-23 17:43:45,572 | انتظار 5 ثانیه...
2025-11-23 17:43:50,587 | 
[2025-11-23 17:43:50] شروع دریافت همزمان داده‌ها...
2025-11-23 17:43:50,718 | داده‌ها با موفقیت در دیتابیس ذخیره شدند
2025-11-23 17:43:50,718 | [IRTKGANJ] MS(خرید:668, فروش:185) + TSE(قیمت:97848.0)
2025-11-23 17:43:50,719 | انتظار 5 ثانیه...
2025-11-23 17:43:55,734 | 
[2025-11-23 17:43:55] شروع دریافت همزمان داده‌ها...
2025-11-23 17:43:55,836 | داده‌ها با موفقیت در دیتابیس ذخیره شدند
2025-11-23 17:43:55,836 | [IRTKGANJ] MS(خرید:668, فروش:185) + TSE(قیمت:97848.0)
2025-11-23 17:43:55,837 | انتظار 5 ثانیه...
2025-11-23 17:44:00,847 | 
[2025-11-23 17:44:00] شروع دریافت همزمان داده‌ها...
2025-11-23 17:44:01,020 | داده‌ها با موفقیت در دیتابیس ذخیره شدند
2025-11-23 17:44:01,020 | [IRTKGANJ] MS(خرید:658, فروش:186) + TSE(قیمت:97848.0)
2025-11-23 17:44:01,021 | انتظار 5 ثانیه...
2025-11-23 17:44:06,034 | 
[2025-11-23 17:44:06] شروع دریافت همزمان داده‌ها...
2025-11-23 17:44:06,139 | داده‌ها با موفقیت در دیتابیس ذخیره شدند
2025-11-23 17:44:06,139 | [IRTKGANJ] MS(خرید:658, فروش:185) + TSE(قیمت:97847.0)
2025-11-23 17:44:06,140 | انتظار 5 ثانیه...
2025-11-23 17:44:11,155 | 
[2025-11-23 17:44:11] شروع دریافت همزمان داده‌ها...
2025-11-23 17:44:11,304 | داده‌ها با موفقیت در دیتابیس ذخیره شدند
2025-11-23 17:44:11,304 | [IRTKGANJ] MS(خرید:659, فروش:186) + TSE(قیمت:97847.0)
2025-11-23 17:44:11,305 | انتظار 5 ثانیه...
2025-11-23 17:44:16,307 | 
[2025-11-23 17:44:16] شروع دریافت همزمان داده‌ها...
2025-11-23 17:44:16,480 | داده‌ها با موفقیت در دیتابیس ذخیره شدند
2025-11-23 17:44:16,481 | [IRTKGANJ] MS(خرید:660, فروش:186) + TSE(قیمت:97847.0)
2025-11-23 17:44:16,481 | انتظار 5 ثانیه...
2025-11-23 17:44:21,484 | 
[2025-11-23 17:44:21] شروع دریافت همزمان داده‌ها...
2025-11-23 17:44:22,819 | داده‌ها با موفقیت در دیتابیس ذخیره شدند
2025-11-23 17:44:22,820 | [IRTKGANJ] MS(خرید:659, فروش:187) + TSE(قیمت:97847.0)
2025-11-23 17:44:22,820 | انتظار 5 ثانیه...
2025-11-23 17:44:27,824 | 
[2025-11-23 17:44:27] شروع دریافت همزمان داده‌ها...
2025-11-23 17:44:27,981 | داده‌ها با موفقیت در دیتابیس ذخیره شدند
2025-11-23 17:44:27,981 | [IRTKGANJ] MS(خرید:659, فروش:187) + TSE(قیمت:97847.0)
2025-11-23 17:44:27,982 | انتظار 5 ثانیه...
2025-11-23 17:44:32,982 | 
[2025-11-23 17:44:32] شروع دریافت همزمان داده‌ها...
2025-11-23 17:44:33,104 | داده‌ها با موفقیت در دیتابیس ذخیره شدند
2025-11-23 17:44:33,104 | [IRTKGANJ] MS(خرید:659, فروش:187) + TSE(قیمت:97847.0)
2025-11-23 17:44:33,104 | انتظار 5 ثانیه...
2025-11-23 17:44:38,111 | 
[2025-11-23 17:44:38] شروع دریافت همزمان داده‌ها...
2025-11-23 17:44:38,342 | داده‌ها با موفقیت در دیتابیس ذخیره شدند
2025-11-23 17:44:38,343 | [IRTKGANJ] MS(خرید:661, فروش:186) + TSE(قیمت:97847.0)
2025-11-23 17:44:38,343 | انتظار 5 ثانیه...
2025-11-23 17:44:43,345 | 
[2025-11-23 17:44:43] شروع دریافت همزمان داده‌ها...
2025-11-23 17:44:43,449 | داده‌ها با موفقیت در دیتابیس ذخیره شدند
2025-11-23 17:44:43,449 | [IRTKGANJ] MS(خرید:663, فروش:186) + TSE(قیمت:97847.0)
2025-11-23 17:44:43,449 | انتظار 5 ثانیه...
2025-11-23 17:44:48,465 | 
[2025-11-23 17:44:48] شروع دریافت همزمان داده‌ها...
2025-11-23 17:44:49,348 | داده‌ها با موفقیت در دیتابیس ذخیره شدند
2025-11-23 17:44:49,348 | [IRTKGANJ] MS(خرید:663, فروش:186) + TSE(قیمت:97847.0)
2025-11-23 17:44:49,349 | انتظار 5 ثانیه...
2025-11-23 17:44:54,353 | 
[2025-11-23 17:44:54] شروع دریافت همزمان داده‌ها...
2025-11-23 17:44:54,744 | داده‌ها با موفقیت در دیتابیس ذخیره شدند
2025-11-23 17:44:54,745 | [IRTKGANJ] MS(خرید:663, فروش:185) + TSE(قیمت:97847.0)
2025-11-23 17:44:54,745 | انتظار 5 ثانیه...
2025-11-23 17:44:59,756 | 
[2025-11-23 17:44:59] شروع دریافت همزمان داده‌ها...
2025-11-23 17:44:59,886 | داده‌ها با موفقیت در دیتابیس ذخیره شدند
2025-11-23 17:44:59,887 | [IRTKGANJ] MS(خرید:664, فروش:185) + TSE(قیمت:97847.0)
2025-11-23 17:44:59,887 | انتظار 5 ثانیه...
2025-11-23 17:45:04,900 | 
[2025-11-23 17:45:04] شروع دریافت همزمان داده‌ها...
2025-11-23 17:45:05,051 | داده‌ها با موفقیت در دیتابیس ذخیره شدند
2025-11-23 17:45:05,051 | [IRTKGANJ] MS(خرید:665, فروش:185) + TSE(قیمت:97847.0)
2025-11-23 17:45:05,051 | انتظار 5 ثانیه...
2025-11-23 17:45:10,064 | 
[2025-11-23 17:45:10] شروع دریافت همزمان داده‌ها...
2025-11-23 17:45:10,224 | داده‌ها با موفقیت در دیتابیس ذخیره شدند
2025-11-23 17:45:10,224 | [IRTKGANJ] MS(خرید:666, فروش:185) + TSE(قیمت:97847.0)
2025-11-23 17:45:10,224 | انتظار 5 ثانیه...
2025-11-23 17:45:15,229 | 
[2025-11-23 17:45:15] شروع دریافت همزمان داده‌ها...
2025-11-23 17:45:15,471 | داده‌ها با موفقیت در دیتابیس ذخیره شدند
2025-11-23 17:45:15,472 | [IRTKGANJ] MS(خرید:668, فروش:185) + TSE(قیمت:97847.0)
2025-11-23 17:45:15,472 | انتظار 5 ثانیه...
2025-11-23 17:45:20,486 | 
[2025-11-23 17:45:20] شروع دریافت همزمان داده‌ها...
2025-11-23 17:45:20,744 | داده‌ها با موفقیت در دیتابیس ذخیره شدند
2025-11-23 17:45:20,745 | [IRTKGANJ] MS(خرید:668, فروش:185) + TSE(قیمت:97847.0)
2025-11-23 17:45:20,745 | انتظار 5 ثانیه...
2025-11-23 17:45:25,757 | 
[2025-11-23 17:45:25] شروع دریافت همزمان داده‌ها...
2025-11-23 17:45:25,923 | داده‌ها با موفقیت در دیتابیس ذخیره شدند
2025-11-23 17:45:25,923 | [IRTKGANJ] MS(خرید:668, فروش:185) + TSE(قیمت:97847.0)
2025-11-23 17:45:25,923 | انتظار 5 ثانیه...
2025-11-23 17:45:30,930 | 
[2025-11-23 17:45:30] شروع دریافت همزمان داده‌ها...
2025-11-23 17:45:31,063 | داده‌ها با موفقیت در دیتابیس ذخیره شدند
2025-11-23 17:45:31,063 | [IRTKGANJ] MS(خرید:668, فروش:185) + TSE(قیمت:97847.0)
2025-11-23 17:45:31,063 | انتظار 5 ثانیه...
2025-11-23 17:45:36,075 | 
[2025-11-23 17:45:36] شروع دریافت همزمان داده‌ها...
2025-11-23 17:45:36,189 | داده‌ها با موفقیت در دیتابیس ذخیره شدند
2025-11-23 17:45:36,190 | [IRTKGANJ] MS(خرید:668, فروش:185) + TSE(قیمت:97847.0)
2025-11-23 17:45:36,190 | انتظار 5 ثانیه...
2025-11-23 17:45:41,199 | 
[2025-11-23 17:45:41] شروع دریافت همزمان داده‌ها...
2025-11-23 17:45:41,314 | داده‌ها با موفقیت در دیتابیس ذخیره شدند
2025-11-23 17:45:41,314 | [IRTKGANJ] MS(خرید:668, فروش:185) + TSE(قیمت:97847.0)
2025-11-23 17:45:41,314 | انتظار 5 ثانیه...
2025-11-23 17:45:46,327 | 
[2025-11-23 17:45:46] شروع دریافت همزمان داده‌ها...
2025-11-23 17:45:46,521 | داده‌ها با موفقیت در دیتابیس ذخیره شدند
2025-11-23 17:45:46,521 | [IRTKGANJ] MS(خرید:670, فروش:184) + TSE(قیمت:97847.0)
2025-11-23 17:45:46,521 | انتظار 5 ثانیه...
2025-11-23 17:45:51,524 | 
[2025-11-23 17:45:51] شروع دریافت همزمان داده‌ها...
2025-11-23 17:45:51,700 | داده‌ها با موفقیت در دیتابیس ذخیره شدند
2025-11-23 17:45:51,700 | [IRTKGANJ] MS(خرید:669, فروش:185) + TSE(قیمت:97847.0)
2025-11-23 17:45:51,700 | انتظار 5 ثانیه...
2025-11-23 17:45:56,716 | 
[2025-11-23 17:45:56] شروع دریافت همزمان داده‌ها...
2025-11-23 17:45:56,968 | داده‌ها با موفقیت در دیتابیس ذخیره شدند
2025-11-23 17:45:56,968 | [IRTKGANJ] MS(خرید:669, فروش:185) + TSE(قیمت:97847.0)
2025-11-23 17:45:56,969 | انتظار 5 ثانیه...
2025-11-23 17:46:01,975 | 
[2025-11-23 17:46:01] شروع دریافت همزمان داده‌ها...
2025-11-23 17:46:02,137 | داده‌ها با موفقیت در دیتابیس ذخیره شدند
2025-11-23 17:46:02,138 | [IRTKGANJ] MS(خرید:669, فروش:185) + TSE(قیمت:97847.0)
2025-11-23 17:46:02,138 | انتظار 5 ثانیه...
2025-11-23 17:46:07,139 | 
[2025-11-23 17:46:07] شروع دریافت همزمان داده‌ها...
2025-11-23 17:46:07,334 | داده‌ها با موفقیت در دیتابیس ذخیره شدند
2025-11-23 17:46:07,335 | [IRTKGANJ] MS(خرید:669, فروش:185) + TSE(قیمت:97847.0)
2025-11-23 17:46:07,335 | انتظار 5 ثانیه...
2025-11-23 17:46:12,350 | 
[2025-11-23 17:46:12] شروع دریافت همزمان داده‌ها...
2025-11-23 17:46:12,507 | داده‌ها با موفقیت در دیتابیس ذخیره شدند
2025-11-23 17:46:12,508 | [IRTKGANJ] MS(خرید:669, فروش:185) + TSE(قیمت:97847.0)
2025-11-23 17:46:12,508 | انتظار 5 ثانیه...
2025-11-23 17:46:17,519 | 
[2025-11-23 17:46:17] شروع دریافت همزمان داده‌ها...
2025-11-23 17:46:17,649 | داده‌ها با موفقیت در دیتابیس ذخیره شدند
2025-11-23 17:46:17,649 | [IRTKGANJ] MS(خرید:670, فروش:185) + TSE(قیمت:97847.0)
2025-11-23 17:46:17,649 | انتظار 5 ثانیه...
2025-11-23 17:46:22,652 | 
[2025-11-23 17:46:22] شروع دریافت همزمان داده‌ها...
2025-11-23 17:46:24,920 | داده‌ها با موفقیت در دیتابیس ذخیره شدند
2025-11-23 17:46:24,920 | [IRTKGANJ] MS(خرید:669, فروش:185) + TSE(قیمت:97847.0)
2025-11-23 17:46:24,920 | انتظار 5 ثانیه...
2025-11-23 17:46:29,924 | 
[2025-11-23 17:46:29] شروع دریافت همزمان داده‌ها...
2025-11-23 17:46:30,111 | داده‌ها با موفقیت در دیتابیس ذخیره شدند
2025-11-23 17:46:30,112 | [IRTKGANJ] MS(خرید:670, فروش:185) + TSE(قیمت:97847.0)
2025-11-23 17:46:30,112 | انتظار 5 ثانیه...
2025-11-23 17:46:35,127 | 
[2025-11-23 17:46:35] شروع دریافت همزمان داده‌ها...
2025-11-23 17:46:35,305 | داده‌ها با موفقیت در دیتابیس ذخیره شدند
2025-11-23 17:46:35,306 | [IRTKGANJ] MS(خرید:671, فروش:185) + TSE(قیمت:97847.0)
2025-11-23 17:46:35,306 | انتظار 5 ثانیه...
2025-11-23 17:46:40,321 | 
[2025-11-23 17:46:40] شروع دریافت همزمان داده‌ها...
2025-11-23 17:46:40,537 | داده‌ها با موفقیت در دیتابیس ذخیره شدند
2025-11-23 17:46:40,537 | [IRTKGANJ] MS(خرید:672, فروش:185) + TSE(قیمت:97847.0)
2025-11-23 17:46:40,537 | انتظار 5 ثانیه...
2025-11-23 17:46:45,552 | 
[2025-11-23 17:46:45] شروع دریافت همزمان داده‌ها...
2025-11-23 17:46:45,699 | داده‌ها با موفقیت در دیتابیس ذخیره شدند
2025-11-23 17:46:45,699 | [IRTKGANJ] MS(خرید:672, فروش:185) + TSE(قیمت:97847.0)
2025-11-23 17:46:45,699 | انتظار 5 ثانیه...
2025-11-23 17:46:50,712 | 
[2025-11-23 17:46:50] شروع دریافت همزمان داده‌ها...
2025-11-23 17:46:50,858 | داده‌ها با موفقیت در دیتابیس ذخیره شدند
2025-11-23 17:46:50,859 | [IRTKGANJ] MS(خرید:672, فروش:185) + TSE(قیمت:97847.0)
2025-11-23 17:46:50,859 | انتظار 5 ثانیه...
2025-11-23 17:46:55,867 | 
[2025-11-23 17:46:55] شروع دریافت همزمان داده‌ها...
2025-11-23 17:46:56,025 | داده‌ها با موفقیت در دیتابیس ذخیره شدند
2025-11-23 17:46:56,025 | [IRTKGANJ] MS(خرید:673, فروش:185) + TSE(قیمت:97847.0)
2025-11-23 17:46:56,026 | انتظار 5 ثانیه...
2025-11-23 17:47:01,040 | 
[2025-11-23 17:47:01] شروع دریافت همزمان داده‌ها...
2025-11-23 17:47:01,286 | داده‌ها با موفقیت در دیتابیس ذخیره شدند
2025-11-23 17:47:01,287 | [IRTKGANJ] MS(خرید:673, فروش:185) + TSE(قیمت:97847.0)
2025-11-23 17:47:01,287 | انتظار 5 ثانیه...
2025-11-23 17:47:06,299 | 
[2025-11-23 17:47:06] شروع دریافت همزمان داده‌ها...
2025-11-23 17:47:06,580 | داده‌ها با موفقیت در دیتابیس ذخیره شدند
2025-11-23 17:47:06,581 | [IRTKGANJ] MS(خرید:673, فروش:185) + TSE(قیمت:97847.0)
2025-11-23 17:47:06,581 | انتظار 5 ثانیه...
2025-11-23 17:47:11,596 | 
[2025-11-23 17:47:11] شروع دریافت همزمان داده‌ها...
2025-11-23 17:47:11,736 | داده‌ها با موفقیت در دیتابیس ذخیره شدند
2025-11-23 17:47:11,737 | [IRTKGANJ] MS(خرید:675, فروش:185) + TSE(قیمت:97847.0)
2025-11-23 17:47:11,737 | انتظار 5 ثانیه...
2025-11-23 17:47:16,753 | 
[2025-11-23 17:47:16] شروع دریافت همزمان داده‌ها...
2025-11-23 17:47:16,915 | داده‌ها با موفقیت در دیتابیس ذخیره شدند
2025-11-23 17:47:16,916 | [IRTKGANJ] MS(خرید:675, فروش:185) + TSE(قیمت:97847.0)
2025-11-23 17:47:16,916 | انتظار 5 ثانیه...
2025-11-23 17:47:21,926 | 
[2025-11-23 17:47:21] شروع دریافت همزمان داده‌ها...
2025-11-23 17:47:22,021 | داده‌ها با موفقیت در دیتابیس ذخیره شدند
2025-11-23 17:47:22,021 | [IRTKGANJ] MS(خرید:677, فروش:185) + TSE(قیمت:97847.0)
2025-11-23 17:47:22,022 | انتظار 5 ثانیه...
2025-11-23 17:47:27,025 | 
[2025-11-23 17:47:27] شروع دریافت همزمان داده‌ها...
2025-11-23 17:47:27,142 | داده‌ها با موفقیت در دیتابیس ذخیره شدند
2025-11-23 17:47:27,142 | [IRTKGANJ] MS(خرید:677, فروش:185) + TSE(قیمت:97847.0)
2025-11-23 17:47:27,142 | انتظار 5 ثانیه...
2025-11-23 17:47:32,145 | 
[2025-11-23 17:47:32] شروع دریافت همزمان داده‌ها...
2025-11-23 17:47:32,362 | داده‌ها با موفقیت در دیتابیس ذخیره شدند
2025-11-23 17:47:32,363 | [IRTKGANJ] MS(خرید:677, فروش:185) + TSE(قیمت:97847.0)
2025-11-23 17:47:32,363 | انتظار 5 ثانیه...
2025-11-23 17:47:37,370 | 
[2025-11-23 17:47:37] شروع دریافت همزمان داده‌ها...
2025-11-23 17:47:41,642 | داده‌ها با موفقیت در دیتابیس ذخیره شدند
2025-11-23 17:47:41,642 | [IRTKGANJ] MS(خرید:677, فروش:185) + TSE(قیمت:97847.0)
2025-11-23 17:47:41,643 | انتظار 5 ثانیه...
2025-11-23 17:47:46,646 | 
[2025-11-23 17:47:46] شروع دریافت همزمان داده‌ها...
2025-11-23 17:47:46,859 | داده‌ها با موفقیت در دیتابیس ذخیره شدند
2025-11-23 17:47:46,859 | [IRTKGANJ] MS(خرید:677, فروش:185) + TSE(قیمت:97847.0)
2025-11-23 17:47:46,860 | انتظار 5 ثانیه...
2025-11-23 17:47:51,862 | 
[2025-11-23 17:47:51] شروع دریافت همزمان داده‌ها...
2025-11-23 17:47:52,152 | داده‌ها با موفقیت در دیتابیس ذخیره شدند
2025-11-23 17:47:52,152 | [IRTKGANJ] MS(خرید:678, فروش:185) + TSE(قیمت:97847.0)
2025-11-23 17:47:52,153 | انتظار 5 ثانیه...
2025-11-23 17:47:57,167 | 
[2025-11-23 17:47:57] شروع دریافت همزمان داده‌ها...
2025-11-23 17:47:58,650 | داده‌ها با موفقیت در دیتابیس ذخیره شدند
2025-11-23 17:47:58,650 | [IRTKGANJ] MS(خرید:678, فروش:185) + TSE(قیمت:97847.0)
2025-11-23 17:47:58,650 | انتظار 5 ثانیه...
2025-11-23 17:48:03,658 | 
[2025-11-23 17:48:03] شروع دریافت همزمان داده‌ها...
2025-11-23 17:48:05,367 | داده‌ها با موفقیت در دیتابیس ذخیره شدند
2025-11-23 17:48:05,367 | [IRTKGANJ] MS(خرید:678, فروش:185) + TSE(قیمت:97847.0)
2025-11-23 17:48:05,368 | انتظار 5 ثانیه...
2025-11-23 17:48:10,381 | 
[2025-11-23 17:48:10] شروع دریافت همزمان داده‌ها...
2025-11-23 17:48:10,616 | داده‌ها با موفقیت در دیتابیس ذخیره شدند
2025-11-23 17:48:10,616 | [IRTKGANJ] MS(خرید:677, فروش:185) + TSE(قیمت:97847.0)
2025-11-23 17:48:10,617 | انتظار 5 ثانیه...
2025-11-23 17:48:15,630 | 
[2025-11-23 17:48:15] شروع دریافت همزمان داده‌ها...
2025-11-23 17:48:15,855 | داده‌ها با موفقیت در دیتابیس ذخیره شدند
2025-11-23 17:48:15,855 | [IRTKGANJ] MS(خرید:678, فروش:185) + TSE(قیمت:97847.0)
2025-11-23 17:48:15,855 | انتظار 5 ثانیه...
2025-11-23 17:48:20,858 | 
[2025-11-23 17:48:20] شروع دریافت همزمان داده‌ها...
2025-11-23 17:48:21,150 | داده‌ها با موفقیت در دیتابیس ذخیره شدند
2025-11-23 17:48:21,151 | [IRTKGANJ] MS(خرید:678, فروش:185) + TSE(قیمت:97847.0)
2025-11-23 17:48:21,151 | انتظار 5 ثانیه...
2025-11-23 17:48:26,157 | 
[2025-11-23 17:48:26] شروع دریافت همزمان داده‌ها...
2025-11-23 17:48:26,451 | داده‌ها با موفقیت در دیتابیس ذخیره شدند
2025-11-23 17:48:26,451 | [IRTKGANJ] MS(خرید:678, فروش:185) + TSE(قیمت:97847.0)
2025-11-23 17:48:26,451 | انتظار 5 ثانیه...
2025-11-23 17:48:31,463 | 
[2025-11-23 17:48:31] شروع دریافت همزمان داده‌ها...
2025-11-23 17:48:31,789 | داده‌ها با موفقیت در دیتابیس ذخیره شدند
2025-11-23 17:48:31,790 | [IRTKGANJ] MS(خرید:679, فروش:185) + TSE(قیمت:97847.0)
2025-11-23 17:48:31,790 | انتظار 5 ثانیه...
2025-11-23 17:48:36,801 | 
[2025-11-23 17:48:36] شروع دریافت همزمان داده‌ها...
2025-11-23 17:48:37,091 | داده‌ها با موفقیت در دیتابیس ذخیره شدند
2025-11-23 17:48:37,091 | [IRTKGANJ] MS(خرید:679, فروش:185) + TSE(قیمت:97847.0)
2025-11-23 17:48:37,092 | انتظار 5 ثانیه...
2025-11-23 17:48:42,103 | 
[2025-11-23 17:48:42] شروع دریافت همزمان داده‌ها...
2025-11-23 17:48:42,361 | داده‌ها با موفقیت در دیتابیس ذخیره شدند
2025-11-23 17:48:42,361 | [IRTKGANJ] MS(خرید:679, فروش:185) + TSE(قیمت:97847.0)
2025-11-23 17:48:42,362 | انتظار 5 ثانیه...
2025-11-23 17:48:47,377 | 
[2025-11-23 17:48:47] شروع دریافت همزمان داده‌ها...
2025-11-23 17:48:47,536 | داده‌ها با موفقیت در دیتابیس ذخیره شدند
2025-11-23 17:48:47,536 | [IRTKGANJ] MS(خرید:679, فروش:186) + TSE(قیمت:97847.0)
2025-11-23 17:48:47,537 | انتظار 5 ثانیه...
2025-11-23 17:48:52,540 | 
[2025-11-23 17:48:52] شروع دریافت همزمان داده‌ها...
2025-11-23 17:48:52,700 | داده‌ها با موفقیت در دیتابیس ذخیره شدند
2025-11-23 17:48:52,700 | [IRTKGANJ] MS(خرید:679, فروش:186) + TSE(قیمت:97847.0)
2025-11-23 17:48:52,701 | انتظار 5 ثانیه...
2025-11-23 17:48:57,716 | 
[2025-11-23 17:48:57] شروع دریافت همزمان داده‌ها...
2025-11-23 17:48:57,836 | داده‌ها با موفقیت در دیتابیس ذخیره شدند
2025-11-23 17:48:57,836 | [IRTKGANJ] MS(خرید:679, فروش:186) + TSE(قیمت:97847.0)
2025-11-23 17:48:57,837 | انتظار 5 ثانیه...
2025-11-23 17:49:02,838 | 
[2025-11-23 17:49:02] شروع دریافت همزمان داده‌ها...
2025-11-23 17:49:02,989 | داده‌ها با موفقیت در دیتابیس ذخیره شدند
2025-11-23 17:49:02,990 | [IRTKGANJ] MS(خرید:681, فروش:186) + TSE(قیمت:97847.0)
2025-11-23 17:49:02,990 | انتظار 5 ثانیه...
2025-11-23 17:49:08,000 | 
[2025-11-23 17:49:08] شروع دریافت همزمان داده‌ها...
2025-11-23 17:49:08,180 | داده‌ها با موفقیت در دیتابیس ذخیره شدند
2025-11-23 17:49:08,180 | [IRTKGANJ] MS(خرید:679, فروش:187) + TSE(قیمت:97847.0)
2025-11-23 17:49:08,180 | انتظار 5 ثانیه...
2025-11-23 17:49:13,185 | 
[2025-11-23 17:49:13] شروع دریافت همزمان داده‌ها...
2025-11-23 17:49:13,391 | داده‌ها با موفقیت در دیتابیس ذخیره شدند
2025-11-23 17:49:13,391 | [IRTKGANJ] MS(خرید:679, فروش:187) + TSE(قیمت:97847.0)
2025-11-23 17:49:13,392 | انتظار 5 ثانیه...
2025-11-23 17:49:18,397 | 
[2025-11-23 17:49:18] شروع دریافت همزمان داده‌ها...
2025-11-23 17:49:18,510 | داده‌ها با موفقیت در دیتابیس ذخیره شدند
2025-11-23 17:49:18,510 | [IRTKGANJ] MS(خرید:679, فروش:187) + TSE(قیمت:97847.0)
2025-11-23 17:49:18,510 | انتظار 5 ثانیه...
2025-11-23 17:49:23,525 | 
[2025-11-23 17:49:23] شروع دریافت همزمان داده‌ها...
2025-11-23 17:49:23,686 | داده‌ها با موفقیت در دیتابیس ذخیره شدند
2025-11-23 17:49:23,687 | [IRTKGANJ] MS(خرید:679, فروش:187) + TSE(قیمت:97847.0)
2025-11-23 17:49:23,687 | انتظار 5 ثانیه...
2025-11-23 17:49:28,701 | 
[2025-11-23 17:49:28] شروع دریافت همزمان داده‌ها...
2025-11-23 17:49:29,054 | داده‌ها با موفقیت در دیتابیس ذخیره شدند
2025-11-23 17:49:29,055 | [IRTKGANJ] MS(خرید:679, فروش:187) + TSE(قیمت:97847.0)
2025-11-23 17:49:29,055 | انتظار 5 ثانیه...
2025-11-23 17:49:34,069 | 
[2025-11-23 17:49:34] شروع دریافت همزمان داده‌ها...
2025-11-23 17:49:38,465 | داده‌ها با موفقیت در دیتابیس ذخیره شدند
2025-11-23 17:49:38,465 | [IRTKGANJ] MS(خرید:679, فروش:187) + TSE(قیمت:97847.0)
2025-11-23 17:49:38,466 | انتظار 5 ثانیه...
2025-11-23 17:49:43,473 | 
[2025-11-23 17:49:43] شروع دریافت همزمان داده‌ها...
2025-11-23 17:49:43,585 | داده‌ها با موفقیت در دیتابیس ذخیره شدند
2025-11-23 17:49:43,585 | [IRTKGANJ] MS(خرید:678, فروش:187) + TSE(قیمت:97847.0)
2025-11-23 17:49:43,586 | انتظار 5 ثانیه...
2025-11-23 17:49:48,595 | 
[2025-11-23 17:49:48] شروع دریافت همزمان داده‌ها...
2025-11-23 17:49:48,778 | داده‌ها با موفقیت در دیتابیس ذخیره شدند
2025-11-23 17:49:48,779 | [IRTKGANJ] MS(خرید:679, فروش:187) + TSE(قیمت:97847.0)
2025-11-23 17:49:48,779 | انتظار 5 ثانیه...
2025-11-23 17:49:53,791 | 
[2025-11-23 17:49:53] شروع دریافت همزمان داده‌ها...
2025-11-23 17:49:53,942 | داده‌ها با موفقیت در دیتابیس ذخیره شدند
2025-11-23 17:49:53,942 | [IRTKGANJ] MS(خرید:679, فروش:187) + TSE(قیمت:97847.0)
2025-11-23 17:49:53,943 | انتظار 5 ثانیه...
2025-11-23 17:49:58,958 | 
[2025-11-23 17:49:58] شروع دریافت همزمان داده‌ها...
2025-11-23 17:49:59,037 | داده‌ها با موفقیت در دیتابیس ذخیره شدند
2025-11-23 17:49:59,037 | [IRTKGANJ] MS(خرید:679, فروش:187) + TSE(قیمت:97847.0)
2025-11-23 17:49:59,038 | انتظار 5 ثانیه...
2025-11-23 17:50:04,043 | 
[2025-11-23 17:50:04] شروع دریافت همزمان داده‌ها...
2025-11-23 17:50:04,225 | داده‌ها با موفقیت در دیتابیس ذخیره شدند
2025-11-23 17:50:04,225 | [IRTKGANJ] MS(خرید:679, فروش:187) + TSE(قیمت:97847.0)
2025-11-23 17:50:04,226 | انتظار 5 ثانیه...
2025-11-23 17:50:09,235 | 
[2025-11-23 17:50:09] شروع دریافت همزمان داده‌ها...
2025-11-23 17:50:09,398 | داده‌ها با موفقیت در دیتابیس ذخیره شدند
2025-11-23 17:50:09,399 | [IRTKGANJ] MS(خرید:679, فروش:187) + TSE(قیمت:97847.0)
2025-11-23 17:50:09,399 | انتظار 5 ثانیه...
2025-11-23 17:50:14,400 | 
[2025-11-23 17:50:14] شروع دریافت همزمان داده‌ها...
2025-11-23 17:50:14,612 | داده‌ها با موفقیت در دیتابیس ذخیره شدند
2025-11-23 17:50:14,612 | [IRTKGANJ] MS(خرید:679, فروش:187) + TSE(قیمت:97847.0)
2025-11-23 17:50:14,612 | انتظار 5 ثانیه...
2025-11-23 17:50:19,623 | 
[2025-11-23 17:50:19] شروع دریافت همزمان داده‌ها...
2025-11-23 17:50:19,745 | داده‌ها با موفقیت در دیتابیس ذخیره شدند
2025-11-23 17:50:19,746 | [IRTKGANJ] MS(خرید:679, فروش:187) + TSE(قیمت:97847.0)
2025-11-23 17:50:19,746 | انتظار 5 ثانیه...
2025-11-23 17:50:24,753 | 
[2025-11-23 17:50:24] شروع دریافت همزمان داده‌ها...
2025-11-23 17:50:24,926 | داده‌ها با موفقیت در دیتابیس ذخیره شدند
2025-11-23 17:50:24,927 | [IRTKGANJ] MS(خرید:679, فروش:187) + TSE(قیمت:97847.0)
2025-11-23 17:50:24,927 | انتظار 5 ثانیه...
2025-11-23 17:50:29,939 | 
[2025-11-23 17:50:29] شروع دریافت همزمان داده‌ها...
2025-11-23 17:50:30,060 | داده‌ها با موفقیت در دیتابیس ذخیره شدند
2025-11-23 17:50:30,061 | [IRTKGANJ] MS(خرید:679, فروش:187) + TSE(قیمت:97847.0)
2025-11-23 17:50:30,061 | انتظار 5 ثانیه...
2025-11-23 17:50:35,069 | 
[2025-11-23 17:50:35] شروع دریافت همزمان داده‌ها...
2025-11-23 17:50:35,195 | داده‌ها با موفقیت در دیتابیس ذخیره شدند
2025-11-23 17:50:35,196 | [IRTKGANJ] MS(خرید:679, فروش:187) + TSE(قیمت:97847.0)
2025-11-23 17:50:35,196 | انتظار 5 ثانیه...
2025-11-23 17:50:40,208 | 
[2025-11-23 17:50:40] شروع دریافت همزمان داده‌ها...
2025-11-23 17:50:40,350 | داده‌ها با موفقیت در دیتابیس ذخیره شدند
2025-11-23 17:50:40,350 | [IRTKGANJ] MS(خرید:681, فروش:187) + TSE(قیمت:97847.0)
2025-11-23 17:50:40,351 | انتظار 5 ثانیه...
2025-11-23 17:50:45,356 | 
[2025-11-23 17:50:45] شروع دریافت همزمان داده‌ها...
2025-11-23 17:50:45,530 | داده‌ها با موفقیت در دیتابیس ذخیره شدند
2025-11-23 17:50:45,531 | [IRTKGANJ] MS(خرید:683, فروش:186) + TSE(قیمت:97847.0)
2025-11-23 17:50:45,531 | انتظار 5 ثانیه...
2025-11-23 17:50:50,539 | 
[2025-11-23 17:50:50] شروع دریافت همزمان داده‌ها...
2025-11-23 17:50:51,049 | داده‌ها با موفقیت در دیتابیس ذخیره شدند
2025-11-23 17:50:51,050 | [IRTKGANJ] MS(خرید:683, فروش:186) + TSE(قیمت:97847.0)
2025-11-23 17:50:51,050 | انتظار 5 ثانیه...
2025-11-23 17:50:56,051 | 
[2025-11-23 17:50:56] شروع دریافت همزمان داده‌ها...
2025-11-23 17:50:56,129 | داده‌ها با موفقیت در دیتابیس ذخیره شدند
2025-11-23 17:50:56,130 | [IRTKGANJ] MS(خرید:683, فروش:186) + TSE(قیمت:97847.0)
2025-11-23 17:50:56,130 | انتظار 5 ثانیه...
2025-11-23 17:51:01,133 | 
[2025-11-23 17:51:01] شروع دریافت همزمان داده‌ها...
2025-11-23 17:51:01,325 | داده‌ها با موفقیت در دیتابیس ذخیره شدند
2025-11-23 17:51:01,326 | [IRTKGANJ] MS(خرید:679, فروش:186) + TSE(قیمت:97847.0)
2025-11-23 17:51:01,326 | انتظار 5 ثانیه...
2025-11-23 17:51:06,334 | 
[2025-11-23 17:51:06] شروع دریافت همزمان داده‌ها...
2025-11-23 17:51:06,507 | داده‌ها با موفقیت در دیتابیس ذخیره شدند
2025-11-23 17:51:06,508 | [IRTKGANJ] MS(خرید:680, فروش:186) + TSE(قیمت:97847.0)
2025-11-23 17:51:06,508 | انتظار 5 ثانیه...
2025-11-23 17:51:11,518 | 
[2025-11-23 17:51:11] شروع دریافت همزمان داده‌ها...
2025-11-23 17:51:11,748 | داده‌ها با موفقیت در دیتابیس ذخیره شدند
2025-11-23 17:51:11,748 | [IRTKGANJ] MS(خرید:680, فروش:186) + TSE(قیمت:97847.0)
2025-11-23 17:51:11,749 | انتظار 5 ثانیه...
2025-11-23 17:51:16,760 | 
[2025-11-23 17:51:16] شروع دریافت همزمان داده‌ها...
2025-11-23 17:51:17,068 | داده‌ها با موفقیت در دیتابیس ذخیره شدند
2025-11-23 17:51:17,069 | [IRTKGANJ] MS(خرید:678, فروش:187) + TSE(قیمت:97847.0)
2025-11-23 17:51:17,069 | انتظار 5 ثانیه...
2025-11-23 17:51:22,075 | 
[2025-11-23 17:51:22] شروع دریافت همزمان داده‌ها...
2025-11-23 17:51:22,149 | داده‌ها با موفقیت در دیتابیس ذخیره شدند
2025-11-23 17:51:22,149 | [IRTKGANJ] MS(خرید:678, فروش:187) + TSE(قیمت:97847.0)
2025-11-23 17:51:22,150 | انتظار 5 ثانیه...
2025-11-23 17:51:27,164 | 
[2025-11-23 17:51:27] شروع دریافت همزمان داده‌ها...
2025-11-23 17:51:27,320 | داده‌ها با موفقیت در دیتابیس ذخیره شدند
2025-11-23 17:51:27,320 | [IRTKGANJ] MS(خرید:678, فروش:187) + TSE(قیمت:97847.0)
2025-11-23 17:51:27,321 | انتظار 5 ثانیه...
2025-11-23 17:51:32,323 | 
[2025-11-23 17:51:32] شروع دریافت همزمان داده‌ها...
2025-11-23 17:51:32,536 | داده‌ها با موفقیت در دیتابیس ذخیره شدند
2025-11-23 17:51:32,536 | [IRTKGANJ] MS(خرید:678, فروش:187) + TSE(قیمت:97847.0)
2025-11-23 17:51:32,537 | انتظار 5 ثانیه...
2025-11-23 17:51:37,546 | 
[2025-11-23 17:51:37] شروع دریافت همزمان داده‌ها...
2025-11-23 17:51:37,850 | داده‌ها با موفقیت در دیتابیس ذخیره شدند
2025-11-23 17:51:37,850 | [IRTKGANJ] MS(خرید:677, فروش:188) + TSE(قیمت:97847.0)
2025-11-23 17:51:37,851 | انتظار 5 ثانیه...
2025-11-23 17:51:42,864 | 
[2025-11-23 17:51:42] شروع دریافت همزمان داده‌ها...
2025-11-23 17:51:43,035 | داده‌ها با موفقیت در دیتابیس ذخیره شدند
2025-11-23 17:51:43,035 | [IRTKGANJ] MS(خرید:677, فروش:188) + TSE(قیمت:97847.0)
2025-11-23 17:51:43,035 | انتظار 5 ثانیه...
2025-11-23 17:51:48,050 | 
[2025-11-23 17:51:48] شروع دریافت همزمان داده‌ها...
2025-11-23 17:51:48,150 | داده‌ها با موفقیت در دیتابیس ذخیره شدند
2025-11-23 17:51:48,150 | [IRTKGANJ] MS(خرید:677, فروش:188) + TSE(قیمت:97847.0)
2025-11-23 17:51:48,151 | انتظار 5 ثانیه...
2025-11-23 17:51:53,158 | 
[2025-11-23 17:51:53] شروع دریافت همزمان داده‌ها...
2025-11-23 17:51:53,232 | داده‌ها با موفقیت در دیتابیس ذخیره شدند
2025-11-23 17:51:53,233 | [IRTKGANJ] MS(خرید:676, فروش:188) + TSE(قیمت:97847.0)
2025-11-23 17:51:53,233 | انتظار 5 ثانیه...
2025-11-23 17:51:58,243 | 
[2025-11-23 17:51:58] شروع دریافت همزمان داده‌ها...
2025-11-23 17:51:58,336 | داده‌ها با موفقیت در دیتابیس ذخیره شدند
2025-11-23 17:51:58,336 | [IRTKGANJ] MS(خرید:669, فروش:190) + TSE(قیمت:97847.0)
2025-11-23 17:51:58,336 | انتظار 5 ثانیه...
2025-11-23 17:52:03,351 | 
[2025-11-23 17:52:03] شروع دریافت همزمان داده‌ها...
2025-11-23 17:52:03,564 | داده‌ها با موفقیت در دیتابیس ذخیره شدند
2025-11-23 17:52:03,564 | [IRTKGANJ] MS(خرید:669, فروش:190) + TSE(قیمت:97847.0)
2025-11-23 17:52:03,565 | انتظار 5 ثانیه...
2025-11-23 17:52:08,580 | 
[2025-11-23 17:52:08] شروع دریافت همزمان داده‌ها...
2025-11-23 17:52:08,936 | داده‌ها با موفقیت در دیتابیس ذخیره شدند
2025-11-23 17:52:08,937 | [IRTKGANJ] MS(خرید:669, فروش:190) + TSE(قیمت:97847.0)
2025-11-23 17:52:08,937 | انتظار 5 ثانیه...
2025-11-23 17:52:13,940 | 
[2025-11-23 17:52:13] شروع دریافت همزمان داده‌ها...
2025-11-23 17:52:14,057 | داده‌ها با موفقیت در دیتابیس ذخیره شدند
2025-11-23 17:52:14,057 | [IRTKGANJ] MS(خرید:668, فروش:190) + TSE(قیمت:97847.0)
2025-11-23 17:52:14,058 | انتظار 5 ثانیه...
2025-11-23 17:52:19,064 | 
[2025-11-23 17:52:19] شروع دریافت همزمان داده‌ها...
2025-11-23 17:52:19,324 | داده‌ها با موفقیت در دیتابیس ذخیره شدند
2025-11-23 17:52:19,325 | [IRTKGANJ] MS(خرید:667, فروش:189) + TSE(قیمت:97847.0)
2025-11-23 17:52:19,325 | انتظار 5 ثانیه...
2025-11-23 17:52:24,332 | 
[2025-11-23 17:52:24] شروع دریافت همزمان داده‌ها...
2025-11-23 17:52:24,431 | داده‌ها با موفقیت در دیتابیس ذخیره شدند
2025-11-23 17:52:24,432 | [IRTKGANJ] MS(خرید:667, فروش:189) + TSE(قیمت:97847.0)
2025-11-23 17:52:24,432 | انتظار 5 ثانیه...
2025-11-23 17:52:29,441 | 
[2025-11-23 17:52:29] شروع دریافت همزمان داده‌ها...
2025-11-23 17:52:29,662 | داده‌ها با موفقیت در دیتابیس ذخیره شدند
2025-11-23 17:52:29,663 | [IRTKGANJ] MS(خرید:667, فروش:189) + TSE(قیمت:97847.0)
2025-11-23 17:52:29,663 | انتظار 5 ثانیه...
2025-11-23 17:52:34,677 | 
[2025-11-23 17:52:34] شروع دریافت همزمان داده‌ها...
2025-11-23 17:52:34,804 | داده‌ها با موفقیت در دیتابیس ذخیره شدند
2025-11-23 17:52:34,805 | [IRTKGANJ] MS(خرید:668, فروش:189) + TSE(قیمت:97847.0)
2025-11-23 17:52:34,805 | انتظار 5 ثانیه...
2025-11-23 17:52:39,821 | 
[2025-11-23 17:52:39] شروع دریافت همزمان داده‌ها...
2025-11-23 17:52:39,940 | داده‌ها با موفقیت در دیتابیس ذخیره شدند
2025-11-23 17:52:39,940 | [IRTKGANJ] MS(خرید:668, فروش:189) + TSE(قیمت:97847.0)
2025-11-23 17:52:39,940 | انتظار 5 ثانیه...
2025-11-23 17:52:44,949 | 
[2025-11-23 17:52:44] شروع دریافت همزمان داده‌ها...
2025-11-23 17:52:45,242 | داده‌ها با موفقیت در دیتابیس ذخیره شدند
2025-11-23 17:52:45,242 | [IRTKGANJ] MS(خرید:668, فروش:190) + TSE(قیمت:97847.0)
2025-11-23 17:52:45,243 | انتظار 5 ثانیه...
2025-11-23 17:52:50,244 | 
[2025-11-23 17:52:50] شروع دریافت همزمان داده‌ها...
2025-11-23 17:52:53,410 | داده‌ها با موفقیت در دیتابیس ذخیره شدند
2025-11-23 17:52:53,411 | [IRTKGANJ] MS(خرید:669, فروش:190) + TSE(قیمت:97847.0)
2025-11-23 17:52:53,411 | انتظار 5 ثانیه...
2025-11-23 17:52:58,422 | 
[2025-11-23 17:52:58] شروع دریافت همزمان داده‌ها...
2025-11-23 17:52:58,558 | داده‌ها با موفقیت در دیتابیس ذخیره شدند
2025-11-23 17:52:58,559 | [IRTKGANJ] MS(خرید:670, فروش:190) + TSE(قیمت:97847.0)
2025-11-23 17:52:58,559 | انتظار 5 ثانیه...
2025-11-23 17:53:03,575 | 
[2025-11-23 17:53:03] شروع دریافت همزمان داده‌ها...
2025-11-23 17:53:07,939 | داده‌ها با موفقیت در دیتابیس ذخیره شدند
2025-11-23 17:53:07,940 | [IRTKGANJ] MS(خرید:670, فروش:190) + TSE(قیمت:97847.0)
2025-11-23 17:53:07,940 | انتظار 5 ثانیه...
2025-11-23 17:53:12,953 | 
[2025-11-23 17:53:12] شروع دریافت همزمان داده‌ها...
2025-11-23 17:53:13,042 | داده‌ها با موفقیت در دیتابیس ذخیره شدند
2025-11-23 17:53:13,043 | [IRTKGANJ] MS(خرید:670, فروش:190) + TSE(قیمت:97847.0)
2025-11-23 17:53:13,043 | انتظار 5 ثانیه...
2025-11-23 17:53:18,046 | 
[2025-11-23 17:53:18] شروع دریافت همزمان داده‌ها...
2025-11-23 17:53:18,240 | داده‌ها با موفقیت در دیتابیس ذخیره شدند
2025-11-23 17:53:18,240 | [IRTKGANJ] MS(خرید:671, فروش:190) + TSE(قیمت:97847.0)
2025-11-23 17:53:18,241 | انتظار 5 ثانیه...
2025-11-25 09:14:19,503 | █                                                          █
2025-11-25 09:14:19,504 | █                    برنامه با موفقیت پایان یافت                     █
2025-11-25 09:14:19,504 | █                                                          █
2025-11-25 09:14:19,505 | ████████████████████████████████████████████████████████████

2025-11-25 09:14:19,505 | █                                                          █
2025-11-25 09:14:19,505 | █                 برنامه دریافت خودکار داده‌های بورس                 █
2025-11-25 09:14:19,505 | █   نسخه Playwright: 40% سبک‌تر + AsyncIO + ذخیره توکن + لاگ‌گیری    █
2025-11-25 09:14:19,505 | █                                                          █
2025-11-25 09:14:19,505 | ████████████████████████████████████████████████████████████
2025-11-25 09:14:19,506 | 
بهینه‌سازی‌های فعال:
2025-11-25 09:14:19,506 |    Playwright (بجای Selenium - 200MB کمتر)
2025-11-25 09:14:19,506 |    AsyncIO (دریافت همزمان)
2025-11-25 09:14:19,506 |    مسدود کردن تصاویر و فونت‌ها
2025-11-25 09:14:19,506 |    بستن خودکار مرورگر
2025-11-25 09:14:19,507 |    ذخیره توکن در فایل → فقط یک لاگین در روز!
2025-11-25 09:14:19,507 |    لاگ‌گیری حرفه‌ای در market_scraper.log
2025-11-25 09:14:19,507 |    مصرف منابع: ~85% کمتر از نسخه اولیه

2025-11-25 09:14:19,680 | جدول market_data_combined ایجاد/به‌روزرسانی شد.
2025-11-25 09:14:19,716 | 
شروعشروعشروعشروعشروعشروعشروعشروعشروعشروعشروعشروعشروعشروعشروعشروعشروعشروعشروعشروعشروعشروعشروعشروعشروعشروعشروعشروعشروعشروع
2025-11-25 09:14:19,716 | شروع برنامه با Playwright (سبک‌تر و سریع‌تر)
2025-11-25 09:14:19,716 | شروعشروعشروعشروعشروعشروعشروعشروعشروعشروعشروعشروعشروعشروعشروعشروعشروعشروعشروعشروعشروعشروعشروعشروعشروعشروعشروعشروعشروعشروع

2025-11-25 09:14:19,717 | توکن موجود قدیمی است → نیاز به لاگین جدید
2025-11-25 09:14:19,717 | توکن معتبر یافت نشد → شروع فرآیند لاگین...
2025-11-25 09:14:19,717 | 
════════════════════════════════════════════════════════════
2025-11-25 09:14:19,717 | شروع فرآیند لاگین با Playwright...
2025-11-25 09:14:19,718 | ════════════════════════════════════════════════════════════
2025-11-25 09:14:21,292 | مرورگر Playwright راه‌اندازی شد (Headless + بهینه)
2025-11-25 09:14:24,408 | صفحه لود شد: ورود - کارگزاری مفید
2025-11-25 09:14:24,426 | نام کاربری وارد شد
2025-11-25 09:14:24,433 | رمز عبور وارد شد
2025-11-25 09:14:24,621 | دکمه لاگین کلیک شد
2025-11-25 09:14:28,621 | در حال جستجوی دکمه 'ورود به ایزی تریدر'...
2025-11-25 09:14:28,687 | دکمه ایزی تریدر کلیک شد با selector: a[href="https://d.easytrader.ir/"]
2025-11-25 09:14:31,701 | جستجوی توکن در localStorage...
2025-11-25 09:14:31,704 | خطا در کلیک دکمه ایزی تریدر: Page.evaluate: Target page, context or browser has been closed
2025-11-25 09:14:31,705 | توکن یافت نشد
2025-11-25 09:14:31,775 | خطا در لاگین با Playwright: Page.screenshot: Target page, context or browser has been closed
2025-11-25 09:14:31,777 | 
============================================================
2025-11-25 09:14:31,777 | توکن یافت نشد! لطفاً آن را دستی کپی کنید:
2025-11-25 09:14:31,777 | 1. مرورگر را به صورت معمولی باز کنید و لاگین کنید
2025-11-25 09:14:31,777 | 2. در مرورگر F12 را بزنید
2025-11-25 09:14:31,778 | 3. به تب Application بروید
2025-11-25 09:14:31,778 | 4. Local Storage > https://d.easytrader.ir را باز کنید
2025-11-25 09:14:31,778 | 5. مقدار 'access_token' را کپی کنید
2025-11-25 09:14:31,778 |    (فقط مقدار توکن، بدون 'Bearer')
2025-11-25 09:14:31,778 | ============================================================
